Date,Open,High,Low,Close
03-04-1983,30.38,29.3,30.65,29.29
10-04-1983,30.48,30.4,31,30
17-04-1983,30.75,30.56,30.85,30.55
24-04-1983,30.63,30.78,30.9,30.63
01-05-1983,30.12,30.66,30.72,29.95
08-05-1983,29.8,30.43,30.43,29.53
15-05-1983,30.3,29.87,30.66,29.25
22-05-1983,30.19,30.25,30.5,29.95
29-05-1983,30.36,30.05,30.45,30.05
05-06-1983,30.77,30.3,30.8,30.1
12-06-1983,31.4,30.86,31.65,30.85
19-06-1983,31.2,31.37,31.58,30.85
26-06-1983,31.35,31.2,31.45,31.05
03-07-1983,31.4,31.3,31.45,31
10-07-1983,31.7,31.5,31.92,31.5
17-07-1983,31.46,31.8,31.8,31.43
24-07-1983,32,31.35,32.02,31.35
31-07-1983,32.15,32.05,32.35,31.91
07-08-1983,31.99,32.05,32.23,31.91
14-08-1983,31.65,31.99,32.04,31.58
21-08-1983,31.8,31.5,31.81,31.5
28-08-1983,31.57,31.75,31.75,31.53
04-09-1983,31.21,31.48,31.48,31.2
11-09-1983,31.55,31.22,31.65,31.14
18-09-1983,31.3,31.5,31.56,31.2
25-09-1983,30.36,31.26,31.3,30.2
02-10-1983,30.47,30.32,30.8,29.7
09-10-1983,30.55,30.75,30.85,30.41
16-10-1983,30.33,30.45,30.68,30.15
23-10-1983,30.26,30.42,30.48,30.18
30-10-1983,30.46,30.16,30.55,30.16
06-11-1983,30.14,30.41,30.48,30.1
13-11-1983,29.19,30.07,30.27,28.84
20-11-1983,29.19,29.07,29.28,29.03
27-11-1983,29.38,29.43,29.9,29.11
04-12-1983,29.31,29.4,29.4,29
11-12-1983,28.57,29.38,29.5,28.57
18-12-1983,29.44,28.27,29.5,28.27
25-12-1983,29.6,29.59,30.17,29.36
01-01-1984,29.18,29.25,30.1,28.95
08-01-1984,29.58,29.47,29.7,29.08
15-01-1984,29.89,29.71,30.01,29.4
22-01-1984,30.14,29.47,30.2,29.4
29-01-1984,30.11,29.85,30.38,29.85
05-02-1984,29.83,30.06,30.22,29.75
12-02-1984,29.9,29.81,29.98,29.45
19-02-1984,30.1,30.06,30.15,29.55
26-02-1984,30.7,30.08,31.1,29.97
04-03-1984,30.99,30.68,30.99,30.6
11-03-1984,30.64,30.94,31.05,30.72
18-03-1984,30.61,30.24,30.67,30.13
25-03-1984,30.85,30.66,31.1,30.56
01-04-1984,30.75,30.81,30.88,30.66
08-04-1984,30.68,30.67,30.82,30.61
15-04-1984,30.52,30.63,30.76,30.42
22-04-1984,30.43,30.52,30.71,30.35
29-04-1984,30.25,30.36,30.37,30.1
06-05-1984,30.36,30.24,30.4,30.12
13-05-1984,30.75,30.39,31.5,30.39
20-05-1984,30.88,31.2,31.21,30.5
27-05-1984,30.7,30.87,30.92,30.59
03-06-1984,30.37,30.71,30.78,30.33
10-06-1984,30.03,30.34,30.38,29.95
17-06-1984,29.26,29.95,29.99,29.04
24-06-1984,29.75,29.3,29.8,29.18
01-07-1984,29.65,29.82,29.99,29.4
08-07-1984,28.95,29.59,29.6,28.95
15-07-1984,28.48,28.9,29.02,28.36
22-07-1984,27.7,28.2,28.65,27.63
29-07-1984,28.78,27.62,29.45,27.55
05-08-1984,29.08,28.74,29.46,28.62
12-08-1984,29.03,29.04,29.31,28.95
19-08-1984,29.91,29.41,30,29.35
26-08-1984,29.23,29.95,29.96,29.19
02-09-1984,29.22,29.06,29.37,28.84
09-09-1984,29.28,29.23,29.57,29.1
16-09-1984,29.47,29.23,29.85,29.16
23-09-1984,29.66,29.53,29.75,29.47
30-09-1984,29.4,29.64,29.72,29.38
07-10-1984,29.06,29.37,29.53,29.02
14-10-1984,27.7,29.11,29.12,26.3
21-10-1984,28.58,28.07,28.89,28.01
28-10-1984,28.65,28.49,28.75,28.04
04-11-1984,28.53,28.61,28.87,28.48
11-11-1984,28.08,28.42,28.56,28.01
18-11-1984,27.74,28.02,28.08,27.7
25-11-1984,27.31,27.4,27.63,27
02-12-1984,27.46,27.21,27.87,27.18
09-12-1984,26.45,27.34,27.5,26.28
16-12-1984,26.5,26.7,26.96,26.04
23-12-1984,26.41,26.57,26.86,26.29
30-12-1984,25.18,26.15,26.2,25.15
06-01-1985,25.77,25.73,26,25.31
13-01-1985,25.68,26.03,26.27,25.39
20-01-1985,25.25,25.93,26.04,25.02
27-01-1985,26.74,24.84,26.75,24.66
03-02-1985,27.59,26.75,27.6,26.38
10-02-1985,27.8,27.91,28.06,27.21
17-02-1985,26.76,27.38,27.4,26.73
24-02-1985,27.2,26.45,27.22,26.32
03-03-1985,27.74,27.24,28.1,27.22
10-03-1985,28.32,27.77,28.38,27.56
17-03-1985,28.24,28.5,29.07,27.83
24-03-1985,28.29,28.06,28.61,27.94
31-03-1985,28.9,28.36,28.96,28.34
07-04-1985,28.68,28.94,29.25,28.55
14-04-1985,29.31,28.85,29.33,28.66
21-04-1985,27.94,29.38,30,27.48
28-04-1985,27.29,27.82,27.9,27.1
05-05-1985,27.38,27.3,27.76,27.04
12-05-1985,27.8,27.32,28.01,27.32
19-05-1985,27.7,27.8,28.14,26.98
26-05-1985,27.84,27.54,27.99,27.51
02-06-1985,26.92,27.64,27.64,26.85
09-06-1985,27.29,26.82,27.48,26.7
16-06-1985,26.92,27.1,27.4,26.63
23-06-1985,26.87,26.8,27.14,26.74
30-06-1985,26.91,26.8,27.04,26.58
07-07-1985,27.11,26.79,27.7,26.69
14-07-1985,27.4,27.11,27.64,27.05
21-07-1985,27.3,27.39,27.7,26.96
28-07-1985,27.31,27.36,27.52,27.01
04-08-1985,27.37,27.43,27.46,27.16
11-08-1985,28.03,27.49,28.13,27.46
18-08-1985,27.95,27.99,28.24,27.71
25-08-1985,28.08,27.96,28.32,27.82
01-09-1985,27.75,28.23,28.37,27.7
08-09-1985,28.01,27.64,28.19,27.37
15-09-1985,28.72,27.93,28.8,27.85
22-09-1985,28.93,28.13,29.19,27.95
29-09-1985,29,28.83,29.52,28.8
06-10-1985,28.73,28.87,29.32,28.57
13-10-1985,29.52,28.79,29.56,28.75
20-10-1985,29.65,29.51,30.6,28.85
27-10-1985,30.39,29.77,30.49,29.75
03-11-1985,30.45,30.25,30.54,29.93
10-11-1985,30.97,30.64,31.5,30.61
17-11-1985,30.91,30.87,31.82,30.53
24-11-1985,29.75,31,31.17,29.74
01-12-1985,28.74,29.3,29.85,28.55
08-12-1985,27.37,27.78,27.95,24.8
15-12-1985,25.77,27.71,27.8,25.65
22-12-1985,26.89,25.69,26.9,25.53
29-12-1985,25.97,26.98,27.01,25.2
05-01-1986,25.79,26.23,26.6,25.3
12-01-1986,23.53,25.38,25.58,23.4
19-01-1986,19.5,21.19,22.8,18.6
26-01-1986,18.83,19.83,21.37,18.75
02-02-1986,17.68,17.93,18,15.35
09-02-1986,16.01,18.3,18.68,15.45
16-02-1986,13.53,15.8,15.95,13.4
23-02-1986,13.26,14.53,15.7,12.7
02-03-1986,12.28,12.85,13.6,11.49
09-03-1986,12.72,12,14.15,11.9
16-03-1986,13.94,13.38,14.18,12.3
23-03-1986,11.44,11.63,12.47,11
30-03-1986,12.74,11.14,12.8,9.75
06-04-1986,13.61,13.55,14.4,12.2
13-04-1986,11.92,13.33,13.8,11.25
20-04-1986,13.39,11.7,13.92,11.7
27-04-1986,14.73,13.8,14.95,13.08
04-05-1986,15.86,14.75,15.9,14.11
11-05-1986,16.16,15.8,16.2,15.18
18-05-1986,15.59,16.45,17.2,14.5
25-05-1986,14.3,15.4,15.47,14.15
01-06-1986,12.76,13.98,14.1,12.73
08-06-1986,13.81,12.6,13.97,12.5
15-06-1986,14.69,13.85,14.9,13.38
22-06-1986,13.4,12.9,13.63,12.82
29-06-1986,11.99,12.8,13,11.96
06-07-1986,11.13,11.38,11.5,10.75
13-07-1986,12.86,10.75,13.31,10.7
20-07-1986,10.9,13.25,13.5,10.7
27-07-1986,11.55,10.68,11.9,10.65
03-08-1986,14.83,11.8,16.5,11.75
10-08-1986,15.82,14.94,15.85,14.82
17-08-1986,15.49,16,16.05,14.6
24-08-1986,15.9,15.44,16.07,15.41
31-08-1986,16.37,16.2,16.56,16.05
07-09-1986,15.06,16.1,16.2,14.46
14-09-1986,14.48,14.85,14.9,13.8
21-09-1986,14.43,14.4,14.78,13.9
28-09-1986,14.87,14.63,15.4,14.6
05-10-1986,14.93,14.67,15.53,14.6
12-10-1986,14.8,15,15.05,14.15
19-10-1986,15.02,15.01,15.6,14.93
26-10-1986,15.27,14.85,15.65,13.52
02-11-1986,15.15,15.17,15.44,14.68
09-11-1986,15.64,15.32,15.77,15.18
16-11-1986,15.38,15.79,15.83,14.98
23-11-1986,15,15.41,15.44,14.72
30-11-1986,15.13,15.13,15.38,14.96
07-12-1986,16.1,15.08,16.25,14.88
14-12-1986,16.21,16.25,16.69,15.35
21-12-1986,17.27,16.21,17.3,16.21
28-12-1986,18.13,17.42,18.19,17.4
04-01-1987,18.77,18.17,18.78,17.88
11-01-1987,19.1,19.04,19.43,18.71
18-01-1987,18.76,19.09,19.1,18.45
25-01-1987,18.75,18.78,18.83,18.42
01-02-1987,18.44,18.69,18.71,18.04
08-02-1987,17.85,18.28,18.47,17.75
15-02-1987,17.77,17.89,17.92,17.25
22-02-1987,16.6,17.77,17.77,16.05
01-03-1987,18.13,16.27,18.18,16.17
08-03-1987,18.36,18.34,18.51,17.91
15-03-1987,18.67,18.41,19.08,18.31
22-03-1987,18.62,18.67,18.7,18.5
29-03-1987,18.7,18.54,18.96,18.46
05-04-1987,18.11,18.62,18.92,18.05
12-04-1987,18.64,18.06,18.71,17.73
19-04-1987,18.68,18.64,19.1,18.54
26-04-1987,18.83,18.69,18.9,18.54
03-05-1987,19.26,18.83,19.28,18.81
10-05-1987,19.8,19.39,19.83,19.18
17-05-1987,19.35,19.92,20.01,18.9
24-05-1987,19.38,19.25,19.45,19.16
31-05-1987,19.79,19.36,20,19.33
07-06-1987,19.91,19.81,19.96,19.7
14-06-1987,20.66,19.87,20.66,19.86
21-06-1987,20.24,20.72,20.95,19.31
28-06-1987,20.61,20.65,20.7,20.21
05-07-1987,21.33,20.79,21.37,20.73
12-07-1987,22.39,21.41,22.76,21.27
19-07-1987,20.57,22.25,22.34,20.54
26-07-1987,21.37,20.5,21.75,20.45
02-08-1987,20.99,22.58,22.67,20.94
09-08-1987,20.57,21.01,21.17,20.53
16-08-1987,18.9,20.27,20.3,18.85
23-08-1987,19.39,18.38,19.93,18.15
30-08-1987,19.32,19.8,19.95,19.2
06-09-1987,19.4,18.87,19.75,18.72
13-09-1987,19.55,19.27,19.93,19.15
20-09-1987,19.46,19.47,19.87,19.15
27-09-1987,19.86,19.51,19.89,19.33
04-10-1987,19.7,19.98,20.08,19.35
11-10-1987,20.22,19.56,20.3,19.51
18-10-1987,20.16,20.52,20.55,19.58
25-10-1987,19.96,20,20.2,19.86
01-11-1987,18.8,19.8,19.83,18.75
08-11-1987,18.93,18.61,19.09,18.53
15-11-1987,18.93,18.82,19.18,18.05
22-11-1987,18.62,18.73,19,18.58
29-11-1987,18.74,18.68,19.05,18.34
06-12-1987,18.31,18.62,18.68,17.78
13-12-1987,15.58,17.4,17.79,14.9
20-12-1987,16.52,15.57,17.1,15
27-12-1987,16.7,16.42,17.34,16.32
03-01-1988,17.31,16.91,17.95,16.89
10-01-1988,16.95,17.27,17.3,15.95
17-01-1988,17.01,17.06,17.65,16.87
24-01-1988,16.94,16.87,17.18,16.67
31-01-1988,17.28,16.84,17.39,16.77
07-02-1988,16.75,17.49,17.68,16.66
14-02-1988,16.7,16.71,16.92,16.37
21-02-1988,15.78,16.56,16.76,15.7
28-02-1988,15.59,15.94,16.2,15.39
06-03-1988,16.29,15.37,16.33,15.27
13-03-1988,16.58,15.92,16.61,15.47
20-03-1988,17.03,16.85,17.1,15.99
27-03-1988,17.08,16.98,17.21,16.9
03-04-1988,16.88,17.05,17.09,16.64
10-04-1988,18.37,17.66,18.43,17.57
17-04-1988,18.3,18.82,18.92,17.57
24-04-1988,17.99,18.37,18.77,17.55
01-05-1988,17.74,17.26,17.75,17.11
08-05-1988,17.49,17.74,17.77,17.36
15-05-1988,17.17,17.59,17.8,17.08
22-05-1988,17.43,17.17,17.59,17.17
29-05-1988,17.5,17.41,17.72,17.38
05-06-1988,16.73,17.45,17.48,16.7
12-06-1988,16.45,16.54,16.87,16.3
19-06-1988,16.01,16.32,16.52,15.73
26-06-1988,14.94,15.89,16.05,14.8
03-07-1988,15.46,15.14,16.35,14.8
10-07-1988,14.86,15.09,15.2,14.42
17-07-1988,16.38,15.46,16.42,15
24-07-1988,16.31,16.34,16.43,15.82
31-07-1988,15.26,16.23,16.25,14.95
07-08-1988,15.52,15.52,15.9,15.42
14-08-1988,15.73,15.43,15.75,15.37
21-08-1988,15.34,15.81,15.85,15.2
28-08-1988,14.79,15.31,15.43,14.76
04-09-1988,14.18,14.59,14.67,14.05
11-09-1988,14.57,13.95,15.46,13.75
18-09-1988,14.18,14.31,15.12,14.08
25-09-1988,13.37,14.35,14.64,13.25
02-10-1988,12.94,13.09,13.34,12.28
09-10-1988,14.92,13.2,14.95,13.11
16-10-1988,14.6,15.21,15.5,14.25
23-10-1988,13.85,13.51,13.99,13.1
30-10-1988,14.04,13.81,14.21,13.36
06-11-1988,13.95,14.14,14.23,13.52
13-11-1988,13.6,14.01,14.38,13.23
20-11-1988,13.97,13.06,14.6,12.94
27-11-1988,15.64,15.5,15.8,14.73
04-12-1988,15.84,15.55,15.97,15.26
11-12-1988,16.72,15.89,16.85,15.83
18-12-1988,16.61,16.73,18.2,16.05
25-12-1988,17.24,16.83,17.28,16.73
01-01-1989,17.55,17.17,17.67,17.01
08-01-1989,18.48,17.59,18.64,17.47
15-01-1989,18.86,18.39,19.75,18.32
22-01-1989,17.74,18.86,18.86,17.22
29-01-1989,17.53,17.61,17.9,16.91
05-02-1989,17.11,17.61,17.75,17.05
12-02-1989,18.56,17.18,18.59,17.08
19-02-1989,18.07,18.74,18.93,17.68
26-02-1989,18.56,18.15,18.88,18.03
05-03-1989,18.5,18.75,18.86,18.16
12-03-1989,20.33,18.62,20.35,18.59
19-03-1989,20.15,20.33,20.35,19.35
26-03-1989,20.19,20.51,21.48,19.7
02-04-1989,20.02,20.47,20.67,19.58
09-04-1989,20.69,19.99,20.89,19.91
16-04-1989,24.65,20.58,25.3,20.55
23-04-1989,20.42,21.11,21.6,20.31
30-04-1989,20.02,20.4,20.78,19.53
07-05-1989,20.09,19.85,20.25,19.34
14-05-1989,20.6,20.06,21.31,19.95
21-05-1989,19.52,20.25,21.05,19.22
28-05-1989,20.14,19.54,20.2,19.48
04-06-1989,19.88,20.44,20.58,19.47
11-06-1989,19.95,19.65,21,19.17
18-06-1989,19.71,19.93,21.3,19.02
25-06-1989,20.27,19.88,20.64,19.78
02-07-1989,20.75,20.57,21.07,20.24
09-07-1989,20.32,20.68,20.84,20.11
16-07-1989,19.51,20.3,20.62,19.49
23-07-1989,17.93,19.25,19.29,17.87
30-07-1989,18.03,18.06,18.52,17.78
06-08-1989,18.48,18.05,18.82,17.81
13-08-1989,18.8,18.3,19.15,18.28
20-08-1989,18.51,18.92,19.17,18.45
27-08-1989,18.85,18.51,19,18.5
03-09-1989,19.75,18.96,19.77,18.94
10-09-1989,19.96,19.63,20.09,19.58
17-09-1989,19.28,20.02,20.07,19.21
24-09-1989,20.13,19.02,20.14,19
01-10-1989,19.87,20.19,20.28,19.79
08-10-1989,20.89,19.81,20.98,19.8
15-10-1989,19.98,20.63,20.91,19.92
22-10-1989,19.77,19.98,19.98,19.32
29-10-1989,20.21,19.81,20.38,19.61
05-11-1989,19.84,20.32,20.33,19.73
12-11-1989,19.91,19.72,19.93,19.47
19-11-1989,19.82,19.85,20.25,19.75
26-11-1989,20.3,19.82,20.32,19.16
03-12-1989,20.48,20.42,20.65,20.13
10-12-1989,21.1,20.63,21.2,20.53
17-12-1989,21.29,21.27,22.95,21
24-12-1989,21.82,21.35,22.15,21.3
31-12-1989,23.08,21.81,23.92,21.79
07-01-1990,23.13,22.54,23.44,21.48
14-01-1990,23.67,22.96,23.8,21.87
21-01-1990,22.56,23.85,24.2,21.25
28-01-1990,23.02,22.5,23.05,22.11
04-02-1990,21.74,23,23.06,21.7
11-02-1990,22.42,21.76,22.95,21.65
18-02-1990,21.42,22.18,22.32,21.4
25-02-1990,21.35,21.6,21.95,21.07
04-03-1990,20.43,21.29,21.65,20.4
11-03-1990,20.07,20.33,20.55,20.01
18-03-1990,20.39,19.71,20.41,19.07
25-03-1990,20.28,20.55,20.64,19.97
01-04-1990,19.15,20.2,20.55,19.1
08-04-1990,17.78,18.98,19.07,16.25
15-04-1990,17.95,17.91,18.45,16.6
22-04-1990,18.54,19.03,19.49,18.35
29-04-1990,17.98,18.64,19.1,17.82
06-05-1990,18.95,18.06,19.31,17.93
13-05-1990,18.76,19.1,19.75,18.65
20-05-1990,17.8,18.63,18.65,17.6
27-05-1990,17.5,17.65,18.45,17.26
03-06-1990,16.78,17.55,17.75,16.42
10-06-1990,16.62,16.76,17.94,16.59
17-06-1990,17.46,16.58,17.5,15.06
24-06-1990,17.07,17.53,17.62,16.65
01-07-1990,16.47,17,17.3,16.29
08-07-1990,18.36,16.21,19.05,16.05
15-07-1990,19.61,18.79,19.7,18.11
22-07-1990,20.04,20.43,20.92,19.95
29-07-1990,24.49,20.11,26.25,19.91
05-08-1990,26.23,27.15,29.05,25.3
12-08-1990,28.63,26.57,28.7,25.6
19-08-1990,30.91,28.8,32.35,27.6
26-08-1990,27.32,28.9,29.3,25.32
02-09-1990,30.04,28.27,31.58,28.2
09-09-1990,31.76,28.62,32.2,28.35
16-09-1990,35.43,32.95,35.6,32.25
23-09-1990,39.51,37.3,40.1,36.48
30-09-1990,37.99,38.45,38.6,33.85
07-10-1990,39.69,37.77,41.15,37.7
14-10-1990,33.79,38.85,39,33.5
21-10-1990,33.01,30.62,35.4,27.9
28-10-1990,34,34.52,35.85,33.4
04-11-1990,33.89,32.87,35.85,31.75
11-11-1990,29.78,32.72,33.7,29.25
18-11-1990,31.9,28.75,31.98,28.5
25-11-1990,28.85,33.85,34.25,28.7
02-12-1990,26.58,29.27,30.9,25.25
09-12-1990,26.55,27.52,28.1,25.23
16-12-1990,25.92,27.75,28.8,25.8
23-12-1990,27.57,27.07,27.8,26.77
30-12-1990,24.9,28.18,28.7,24.15
06-01-1991,27.29,25.75,31,23.35
13-01-1991,19.25,31.5,32.75,18
20-01-1991,21.35,20.7,24.95,20.6
27-01-1991,21.34,21.07,22.35,20.8
03-02-1991,21.92,21.34,22,20.6
10-02-1991,20.88,21.82,23.05,20.75
17-02-1991,17.91,20.51,21.15,17.61
24-02-1991,19.38,17.55,19.5,17.45
03-03-1991,19.31,19.72,20.75,19.25
10-03-1991,20.01,18.88,20.53,18.55
17-03-1991,20.1,19.84,20.87,19.63
24-03-1991,19.63,19.85,19.98,19.22
31-03-1991,19.96,19.55,20.09,19.18
07-04-1991,21.48,20.19,21.5,20.13
14-04-1991,21.13,21.27,21.95,20.88
21-04-1991,21.28,21.25,21.87,20.63
28-04-1991,21.37,21.42,21.51,20.84
05-05-1991,21.27,21.41,22.11,21.19
12-05-1991,21.18,21.18,21.36,20.61
19-05-1991,21.19,21.29,21.74,20.71
26-05-1991,21.13,21.25,21.4,20.98
02-06-1991,20.28,21.18,21.27,20.05
09-06-1991,19.67,20.25,20.3,19.6
16-06-1991,20.23,19.73,20.31,19.7
23-06-1991,20.56,20.09,20.71,19.9
30-06-1991,20.89,20.47,20.92,20.45
07-07-1991,21.72,21.07,21.94,21
14-07-1991,22.16,21.66,22.25,21.4
21-07-1991,21.48,21.96,22,21.1
28-07-1991,21.32,21.55,21.84,21.18
04-08-1991,21.62,21.36,21.8,21.06
11-08-1991,21.3,21.7,21.82,21.16
18-08-1991,21.81,23.05,23.1,21.48
25-08-1991,22.26,21.88,22.28,21.7
01-09-1991,21.57,22.13,22.25,21.48
08-09-1991,21.68,21.38,21.77,21.25
15-09-1991,21.97,21.73,22.08,21.51
22-09-1991,22.32,21.91,22.45,21.9
29-09-1991,22.61,22.23,22.73,22.05
06-10-1991,23.09,22.53,23.33,22.53
13-10-1991,24.14,23.22,24.18,23.22
20-10-1991,23.12,24.05,24.11,22.99
27-10-1991,23.82,22.98,23.85,22.89
03-11-1991,23.01,23.86,24.03,22.99
10-11-1991,22.79,23,23.02,22.02
17-11-1991,21.21,22.84,22.87,21.17
24-11-1991,21.48,21.38,21.72,20.99
01-12-1991,20.04,21.35,21.44,20.02
08-12-1991,20.05,19.85,20.45,18.9
15-12-1991,18.52,19.9,19.98,18.5
22-12-1991,18.76,18.57,19.14,18.3
29-12-1991,19.23,18.89,19.78,18.45
05-01-1992,18.23,18.95,19.45,17.72
12-01-1992,19.16,18.5,19.3,18.37
19-01-1992,19,19.1,19.22,18.4
26-01-1992,18.9,19.1,19.37,18.61
02-02-1992,19.87,18.95,19.9,18.87
09-02-1992,19.46,19.98,20.08,19.05
16-02-1992,18.66,18.45,18.84,18.05
23-02-1992,18.68,18.49,18.76,18.13
01-03-1992,18.51,18.56,18.85,18.27
08-03-1992,19.18,18.53,19.19,18.43
15-03-1992,18.9,19.12,19.36,18.76
22-03-1992,19.16,19.13,19.35,19.03
29-03-1992,20.29,19.21,20.32,19.14
05-04-1992,20.44,20.28,20.67,20.15
12-04-1992,20.21,20.58,20.62,19.66
19-04-1992,20.22,20.23,20.3,19.85
26-04-1992,20.85,20.27,20.94,20.15
03-05-1992,20.86,20.75,21.2,20.6
10-05-1992,20.69,20.91,21.07,20.48
17-05-1992,20.94,20.64,20.97,20.05
24-05-1992,22.11,21.5,22.21,21.5
31-05-1992,22.62,22.14,22.7,21.86
07-06-1992,22.3,22.42,22.63,22.03
14-06-1992,22.26,22.25,22.41,22.05
21-06-1992,22.44,21.92,22.95,21.82
28-06-1992,22.1,22.55,22.61,21.56
05-07-1992,21.28,21.98,22.05,21.15
12-07-1992,21.58,21.37,21.88,21.12
19-07-1992,21.98,21.45,22.17,21.42
26-07-1992,21.87,21.76,22.12,21.66
02-08-1992,21.22,21.78,21.83,21.12
09-08-1992,21.28,21.06,21.4,20.85
16-08-1992,21.08,21.27,21.51,21
23-08-1992,21.31,21.2,21.61,21.02
30-08-1992,21.77,21.34,21.8,21.34
06-09-1992,22.01,21.88,22.08,21.81
13-09-1992,21.98,22.09,22.4,21.95
20-09-1992,21.68,21.9,22.05,21.65
27-09-1992,21.92,21.71,21.98,21.54
04-10-1992,22.37,21.86,22.42,21.68
11-10-1992,22.28,22.25,22.46,22.03
18-10-1992,21.19,22.35,22.4,21.15
25-10-1992,20.62,21.08,21.38,20.43
01-11-1992,20.3,20.72,20.87,20.09
08-11-1992,20.08,20.35,20.75,20
15-11-1992,20.4,20.03,20.7,20.02
22-11-1992,20.27,20.27,20.36,20.12
29-11-1992,18.94,20.28,20.41,18.93
06-12-1992,19.09,18.8,19.47,18.65
13-12-1992,19.83,18.97,19.92,18.88
20-12-1992,19.95,19.57,19.99,19.56
27-12-1992,19.5,20,20.08,19.48
03-01-1993,18.88,19.43,19.49,18.8
10-01-1993,18.87,18.95,19.02,18.15
17-01-1993,18.83,18.97,19.03,18.21
24-01-1993,20.26,19.17,20.75,19.17
31-01-1993,20.21,20.4,20.46,19.86
07-02-1993,19.98,20.13,20.45,19.92
14-02-1993,19.62,19.66,19.93,19.19
21-02-1993,20.6,19.84,20.75,19.84
28-02-1993,20.93,20.43,21.14,20.41
07-03-1993,20.29,20.8,20.88,20.01
14-03-1993,20.08,20.51,20.54,19.96
21-03-1993,20.41,20,20.45,19.45
28-03-1993,20.65,20.27,20.67,20.17
04-04-1993,20.22,20.69,20.75,20.06
11-04-1993,20.14,20.16,20.52,20.07
18-04-1993,20.34,20,20.45,19.78
25-04-1993,20.53,20.32,20.61,20.13
02-05-1993,20.44,20.5,20.66,20.29
09-05-1993,19.48,20.45,20.56,19.39
16-05-1993,19.88,19.45,20.1,18.95
23-05-1993,20.02,19.9,20.16,19.7
30-05-1993,19.77,19.97,20.27,19.7
06-06-1993,18.98,19.7,19.89,18.83
13-06-1993,18.67,18.89,19.03,18.52
20-06-1993,18.84,18.76,19.13,18.2
27-06-1993,17.95,18.9,19.14,17.85
04-07-1993,17.89,18.06,18.44,17.55
11-07-1993,17.21,17.93,18.33,17.15
18-07-1993,17.75,16.8,18.09,16.75
25-07-1993,17.88,17.65,18.52,17.68
01-08-1993,17.27,17.55,18.04,17.27
08-08-1993,18.14,17.27,18.32,17.2
15-08-1993,18.09,18.05,18.18,17.43
22-08-1993,18.8,18.26,18.83,18.17
29-08-1993,17.73,18.8,19.05,17.7
05-09-1993,16.76,18,17.76,16.36
12-09-1993,17.07,16.66,17.18,16.68
19-09-1993,17.57,16.96,18.25,17.11
26-09-1993,18.63,17.42,18.95,17.54
03-10-1993,18.55,18.76,19.09,18.24
10-10-1993,18.27,18.56,18.83,18.17
17-10-1993,18.07,18.2,18.57,17.95
24-10-1993,16.92,18.07,18.09,16.85
31-10-1993,17.09,16.9,17.71,16.76
07-11-1993,16.72,17.05,17.09,16.38
14-11-1993,16.56,16.7,17.19,16.4
21-11-1993,16.38,16.9,17.31,16.16
28-11-1993,14.97,15.53,15.65,14.72
05-12-1993,15.07,14.74,15.12,14.4
12-12-1993,13.91,15.06,15.2,13.88
19-12-1993,14.48,13.92,14.83,13.75
26-12-1993,14.17,14.45,14.67,13.96
02-01-1994,15.32,14.1,15.61,14.11
09-01-1994,14.78,15.4,15.4,14.28
16-01-1994,14.94,14.78,15.4,14.67
23-01-1994,15.34,14.93,15.7,14.76
30-01-1994,15.63,15.36,16.34,15.1
06-02-1994,14.72,15.58,15.63,14.3
13-02-1994,14.21,14.78,14.9,13.88
20-02-1994,14.57,14.3,14.89,14.12
27-02-1994,14.57,14.5,14.83,14.41
06-03-1994,14.44,14.52,14.57,13.96
13-03-1994,14.88,14.44,15.14,14.27
20-03-1994,15.13,14.85,15.5,14.82
27-03-1994,14.79,14.8,14.9,13.9
03-04-1994,15.57,14.75,15.92,14.65
10-04-1994,16.58,15.57,16.6,15.5
17-04-1994,17.14,16.55,17.17,16.16
24-04-1994,16.9,17.01,17.28,16.36
01-05-1994,17.7,16.81,17.82,16.75
08-05-1994,18.21,17.71,18.54,17.45
15-05-1994,18.92,18.05,19,17.46
22-05-1994,18.03,18.1,18.57,17.49
29-05-1994,18.12,18.05,18.5,17.9
05-06-1994,18.48,18.01,18.89,17.58
12-06-1994,20.71,18.48,20.8,18.29
19-06-1994,19.32,20.89,20.95,19.04
26-06-1994,19.53,19.31,19.68,18.67
03-07-1994,19.48,19.48,19.72,19.08
10-07-1994,19.89,19.26,20.74,19.55
17-07-1994,19.61,19.76,19.84,19.05
24-07-1994,20.3,19.45,20.44,19.06
31-07-1994,19.31,20.25,20.98,19.05
07-08-1994,18.05,19.35,19.7,17.95
14-08-1994,17.58,17.99,18.38,17.48
21-08-1994,17.14,17.5,17.75,16.75
28-08-1994,17.52,17.15,18,16.98
04-09-1994,17.53,17.32,17.95,17.11
11-09-1994,16.83,17.44,17.6,16.53
18-09-1994,17.83,16.83,17.88,16.68
25-09-1994,18.39,17.75,18.42,17.37
02-10-1994,18.26,18.39,18.7,17.85
09-10-1994,16.97,18.26,18.63,16.8
16-10-1994,17.38,16.91,17.76,16.83
23-10-1994,18.23,17.3,18.34,17.3
30-10-1994,18.76,18.23,19.19,17.98
06-11-1994,18.04,18.79,18.84,17.83
13-11-1994,17.47,18.01,18.08,17.24
20-11-1994,18.15,17.75,18.19,17.46
27-11-1994,16.99,18.08,18.19,16.83
04-12-1994,17.13,17,17.36,16.42
11-12-1994,16.76,17.11,17.27,16.48
18-12-1994,17.35,16.8,17.4,16.72
25-12-1994,17.76,17.24,17.96,17.25
01-01-1995,17.67,17.65,18.02,17.35
08-01-1995,17.52,17.67,17.83,17.27
15-01-1995,18.65,17.51,18.85,17.41
22-01-1995,17.95,18.38,18.67,17.83
29-01-1995,18.78,17.95,18.83,17.89
05-02-1995,18.46,18.85,18.93,18.21
12-02-1995,18.91,18.55,18.93,18.13
19-02-1995,18.69,18.78,18.98,18.39
26-02-1995,18.63,18.67,18.78,18.22
05-03-1995,17.91,18.6,18.69,17.83
12-03-1995,18.26,17.91,18.34,17.82
19-03-1995,18.78,18.34,19,18.29
26-03-1995,19.17,18.75,19.35,18.71
02-04-1995,19.67,19.12,19.82,18.9
09-04-1995,19.15,19.65,20.1,19.03
16-04-1995,20.41,19.43,20.82,19.43
23-04-1995,20.38,20.41,20.53,19.97
30-04-1995,20.33,20.49,20.8,19.82
07-05-1995,19.52,20.28,20.5,19.18
14-05-1995,20.06,19.54,20.17,19.41
21-05-1995,18.69,20.06,20.15,18.45
28-05-1995,19.14,18.8,19.15,18.51
04-06-1995,18.8,19.1,19.32,18.55
11-06-1995,18.84,18.8,19.19,18.64
18-06-1995,17.49,18.74,18.67,17.2
25-06-1995,17.4,17.59,18.16,17.33
02-07-1995,17.14,17.11,17.52,17.02
09-07-1995,17.32,17.15,17.65,16.87
16-07-1995,16.79,17.32,17.48,16.6
23-07-1995,17.43,16.72,17.72,16.63
30-07-1995,17.71,17.42,18.02,17.34
06-08-1995,17.86,17.71,18,17.55
13-08-1995,17.87,17.81,17.89,17.31
20-08-1995,17.86,17.9,18.66,17.75
27-08-1995,18.04,17.86,18.09,17.67
03-09-1995,18.44,18.13,18.63,18.12
10-09-1995,18.92,18.49,18.98,18.33
17-09-1995,17.25,18.89,19.08,17.11
24-09-1995,17.54,17.25,17.81,17.24
01-10-1995,17.03,17.53,17.75,16.81
08-10-1995,17.41,17.04,17.48,17.04
15-10-1995,17.37,17.41,17.73,17.14
22-10-1995,17.54,17.16,17.68,16.86
29-10-1995,17.94,17.51,18.02,17.48
05-11-1995,17.83,17.99,18.05,17.56
12-11-1995,18.57,17.82,18.85,17.68
19-11-1995,17.96,18.1,18.15,17.8
26-11-1995,18.43,17.98,18.48,17.98
03-12-1995,18.97,18.44,18.99,18.43
10-12-1995,19.51,18.99,19.52,18.48
17-12-1995,19.14,19.51,19.82,18.85
24-12-1995,19.55,19.14,19.6,19.02
31-12-1995,20.26,19.52,20.28,19.41
07-01-1996,18.25,20.45,20.52,18.08
14-01-1996,18.94,18.28,19.22,17.75
21-01-1996,17.73,18.66,18.74,17.19
28-01-1996,17.8,17.72,18.08,17.08
04-02-1996,17.78,17.8,17.98,17.43
11-02-1996,19.16,17.82,19.28,17.71
18-02-1996,19.06,19.2,23,18.98
25-02-1996,19.44,19.03,19.82,19.01
03-03-1996,19.61,19.55,20.29,18.78
10-03-1996,21.99,19.45,22.1,19.21
17-03-1996,21.95,21.94,25.6,20.68
24-03-1996,21.47,21.89,22.59,21.11
31-03-1996,22.75,21.38,22.8,21.38
07-04-1996,24.29,22.8,25.45,22.57
14-04-1996,23.95,23.99,25.7,22.83
21-04-1996,22.32,23.74,24.4,21.51
28-04-1996,21.18,22.15,22.55,20.47
05-05-1996,21.01,21.38,21.62,20.48
12-05-1996,20.64,21.12,21.55,20.3
19-05-1996,21.32,19.95,22.9,19.85
26-05-1996,19.76,21.44,21.6,19.62
02-06-1996,20.28,19.76,20.52,19.46
09-06-1996,20.34,20.34,20.48,19.85
16-06-1996,19.92,20.34,22.2,19.81
23-06-1996,20.92,19.92,21.3,19.75
30-06-1996,21.21,20.95,21.65,20.86
07-07-1996,21.9,21.75,22,21.06
14-07-1996,21,21.9,22.55,20.85
21-07-1996,20.11,21,21.7,20.08
28-07-1996,21.34,20.1,21.45,19.98
04-08-1996,21.57,21.37,21.75,20.7
11-08-1996,22.66,21.6,22.7,21.57
18-08-1996,21.96,22.59,23.35,21.6
25-08-1996,22.25,21.95,22.41,21.35
01-09-1996,23.85,23.4,24.25,22.85
08-09-1996,24.51,23.88,25.35,23.47
15-09-1996,23.63,24.2,24.5,22.97
22-09-1996,24.6,23.2,24.66,22.85
29-09-1996,24.73,24.57,25.08,23.83
06-10-1996,24.66,24.72,25.6,24.22
13-10-1996,25.79,24.75,25.85,24.71
20-10-1996,24.86,25.79,26.1,24.37
27-10-1996,23.03,24.91,25.35,23
03-11-1996,23.59,23.07,23.7,22.47
10-11-1996,24.17,23.59,24.45,23.15
17-11-1996,23.75,24.11,24.95,23.25
24-11-1996,23.75,23.65,23.95,23.25
01-12-1996,25.62,23.9,25.7,23.52
08-12-1996,24.47,25.51,25.59,23.15
15-12-1996,25.08,24.45,26.8,24.45
22-12-1996,25.22,25.1,25.38,24.64
29-12-1996,25.59,25.17,26.05,25.12
05-01-1997,26.09,25.7,26.74,25.63
12-01-1997,25.41,26.2,26.5,24.65
19-01-1997,24.05,25.35,25.63,23.8
26-01-1997,24.15,24.15,25,23.63
02-02-1997,22.23,24.09,24.43,22.15
09-02-1997,22.41,22.34,22.75,21.5
16-02-1997,21.39,22.3,22.82,21.33
23-02-1997,20.3,21.36,21.45,20.25
02-03-1997,21.28,20.29,21.37,19.96
09-03-1997,21.29,21.24,21.45,19.86
16-03-1997,21.51,21.28,22.65,20.84
23-03-1997,20.7,21.51,21.59,20.53
30-03-1997,19.12,20.84,20.88,18.96
06-04-1997,19.53,19.25,19.9,18.96
13-04-1997,19.91,19.62,20.09,19.1
20-04-1997,19.99,19.8,20.55,19.35
27-04-1997,19.6,19.9,20.53,19.44
04-05-1997,20.43,19.65,20.55,19.48
11-05-1997,22.12,20.73,22.4,20.48
18-05-1997,21.63,21.9,22.08,21.05
25-05-1997,20.88,21.57,21.57,20.57
01-06-1997,18.79,20.64,21.17,18.75
08-06-1997,18.83,18.86,19.2,18.41
15-06-1997,18.55,18.87,19.47,18.35
22-06-1997,19.46,19.04,19.75,18.85
29-06-1997,19.56,19.4,20.39,19.4
06-07-1997,19.33,19.53,20.4,19.01
13-07-1997,19.27,19.42,20.24,18.88
20-07-1997,19.89,19.27,20.2,18.98
27-07-1997,20.28,19.93,20.5,19.63
03-08-1997,19.54,20.3,20.94,19.49
10-08-1997,20.07,19.6,20.45,19.55
17-08-1997,19.7,20.05,20.35,19.59
24-08-1997,19.61,19.75,19.95,19.14
31-08-1997,19.63,19.6,19.99,19.32
07-09-1997,19.32,19.65,19.75,19.27
14-09-1997,19.35,19.45,19.85,19.23
21-09-1997,20.87,19.37,20.92,19.37
28-09-1997,22.76,20.87,23.15,20.71
05-10-1997,22.1,22.85,23.03,21.65
12-10-1997,20.59,22,22,20.47
19-10-1997,20.97,20.59,21.57,20.45
26-10-1997,21.08,20.97,21.44,20.15
02-11-1997,20.77,21.3,21.55,20.28
09-11-1997,21,20.87,21.15,20.35
16-11-1997,19.76,20.9,20.92,19.05
23-11-1997,19.15,19.79,19.93,18.96
30-11-1997,18.71,19.07,19.07,18.44
07-12-1997,18.21,18.76,19.07,17.95
14-12-1997,18.39,18.16,18.7,17.96
21-12-1997,18.2,18.51,18.59,18.16
28-12-1997,17.43,18.17,18.2,17.4
04-01-1998,16.63,17.35,17.35,16.6
11-01-1998,16.51,16.63,16.85,16.3
18-01-1998,15.74,16.82,16.83,15.7
25-01-1998,17.21,15.8,18.06,15.8
01-02-1998,16.7,17.16,17.2,16.25
08-02-1998,16.02,16.61,16.85,15.9
15-02-1998,16.15,15.85,16.59,15.45
22-02-1998,15.44,15.88,16.03,15.2
01-03-1998,14.91,15.5,15.7,14.88
08-03-1998,14.06,14.83,14.83,13.97
15-03-1998,14.32,14.05,14.66,12.8
22-03-1998,16.76,15.75,17.5,15.7
29-03-1998,15.99,16.75,16.9,15.31
05-04-1998,15.56,15.95,15.95,15.16
12-04-1998,15.46,15.48,16.2,15.02
19-04-1998,15.09,15.46,16,15.03
26-04-1998,16.13,15.12,16.3,14.95
03-05-1998,15.13,15.8,16.1,15.11
10-05-1998,14.47,15.08,15.49,14.33
17-05-1998,14.78,14.41,15.08,12.5
24-05-1998,15.2,14.75,15.25,14.31
31-05-1998,15.07,15.2,15.57,14.47
07-06-1998,12.59,15.02,15.02,12.5
14-06-1998,11.84,12.7,13.1,11.4
21-06-1998,14.13,12.02,14.83,11.86
28-06-1998,14.5,14.15,14.67,13.87
05-07-1998,13.87,14.45,14.74,13.58
12-07-1998,13.98,13.65,15,13.55
19-07-1998,13.87,13.98,14.28,13.25
26-07-1998,14.21,13.95,14.48,13.92
02-08-1998,13.8,14.23,14.25,13.54
09-08-1998,13.35,13.81,13.85,12.56
16-08-1998,13.37,13.39,14,12.9
23-08-1998,13.5,13.37,13.85,13
30-08-1998,14.59,13.5,14.97,13.14
06-09-1998,14.34,14.4,15.11,14.1
13-09-1998,15.49,14.34,15.55,14.32
20-09-1998,15.75,15.45,16.2,15.27
27-09-1998,15.64,15.8,16.36,15.23
04-10-1998,14.58,15.65,15.73,14.14
11-10-1998,14.15,14.62,14.7,13.88
18-10-1998,14.05,14.2,14.4,13.07
25-10-1998,14.42,14.08,14.58,13.86
01-11-1998,13.87,14.73,14.81,13.75
08-11-1998,13.57,14.12,14.22,13.23
15-11-1998,12.14,13.3,13.44,11.65
22-11-1998,11.86,13,13.1,11.63
29-11-1998,11.17,11.85,11.98,10.82
06-12-1998,10.79,11.22,11.83,10.65
13-12-1998,10.95,11,12.62,10.75
20-12-1998,11.23,10.9,11.47,10.35
27-12-1998,12.05,11.25,12.14,11.24
03-01-1999,13.07,12.15,13.25,11.93
10-01-1999,12.11,13.03,13.75,12.06
17-01-1999,12.69,12.14,12.81,11.72
24-01-1999,12.75,12.75,12.8,11.95
31-01-1999,11.8,12.79,12.9,11.7
07-02-1999,11.88,11.81,12.07,11.54
14-02-1999,11.76,11.92,12.19,11.26
21-02-1999,12.27,11.8,12.8,11.7
28-02-1999,13.3,12.35,13.5,12.18
07-03-1999,14.49,13.42,15.11,13.36
14-03-1999,15.24,14.5,15.55,14.23
21-03-1999,16.17,15.23,16.2,14.95
28-03-1999,16.64,16.06,17.05,15.93
04-04-1999,16.57,16.55,17.03,15.61
11-04-1999,17.33,16.74,17.46,16.12
18-04-1999,17.94,17.3,18.22,17.29
25-04-1999,18.66,17.75,18.83,17.45
02-05-1999,18.22,18.5,19.05,17.85
09-05-1999,18.04,18.05,18.6,17.33
16-05-1999,17.41,17.75,18,16.63
23-05-1999,16.84,17.35,17.55,16.77
30-05-1999,17.32,16.8,17.38,16.21
06-06-1999,18.43,17.31,18.45,17.28
13-06-1999,17.99,18.52,18.75,17.86
20-06-1999,18.39,17.9,18.63,17.45
27-06-1999,19.69,18.39,19.7,18.18
04-07-1999,19.94,19.95,20.25,19.43
11-07-1999,20.62,19.93,20.7,19.58
18-07-1999,20.63,20.7,20.7,19.15
25-07-1999,20.53,20.45,21.12,20.09
01-08-1999,20.88,20.4,20.92,20.1
08-08-1999,21.67,20.82,21.93,20.76
15-08-1999,21.65,21.75,21.95,21.16
22-08-1999,21.27,21.88,22.1,20.4
29-08-1999,22,21.35,22.29,21.2
05-09-1999,23.55,22.04,23.6,21.96
12-09-1999,24.72,23.5,24.85,23.37
19-09-1999,24.76,24.77,24.99,23.9
26-09-1999,24.54,24.7,25.12,24.18
03-10-1999,20.9,24.43,24.54,20.71
10-10-1999,22.82,20.93,23.16,20.55
17-10-1999,23.45,22.85,23.52,21.8
24-10-1999,21.75,23.45,23.86,21.55
31-10-1999,23,22,23.5,21.77
07-11-1999,24.91,22.94,24.98,22.73
14-11-1999,26.56,24.9,27,24.9
21-11-1999,26.87,26.14,27.15,26.14
28-11-1999,25.81,26.55,26.55,24.1
05-12-1999,25.23,25.82,26.76,24.6
12-12-1999,26.74,25.2,27,24.9
19-12-1999,25.87,26.74,26.74,25.12
26-12-1999,25.6,26.01,27.02,25.3
02-01-2000,24.22,25.2,25.69,24.15
09-01-2000,28.02,24.22,28.1,24.02
16-01-2000,28.2,28.03,29.95,27.7
23-01-2000,27.22,28.23,28.77,26.95
30-01-2000,28.82,27.1,28.87,26.7
06-02-2000,29.44,28.71,29.94,27.71
13-02-2000,29.51,29.44,30.45,29.05
20-02-2000,30.35,29.2,30.83,28.72
27-02-2000,31.51,30.2,32.15,29.82
05-03-2000,31.76,31.34,34.37,30.55
12-03-2000,30.91,31.74,32.25,30.13
19-03-2000,28.02,30.71,30.71,27.2
26-03-2000,26.9,28,28.02,26.05
02-04-2000,25.04,26.85,27.12,24.85
09-04-2000,25.57,24.9,25.96,23.7
16-04-2000,25.88,25.45,27.5,25
23-04-2000,25.74,25.95,26.18,24.6
30-04-2000,27.29,25.55,27.4,25.52
07-05-2000,29.62,27.3,30,27.05
14-05-2000,29.89,29.2,30.48,29.07
21-05-2000,30,29.76,30.82,28.35
28-05-2000,30.35,30,30.77,28.87
04-06-2000,30.2,30.32,30.75,28.9
11-06-2000,32.33,30.48,33.3,30.27
18-06-2000,32.25,32.1,33.4,30.25
25-06-2000,32.5,32.26,32.95,31.06
02-07-2000,30.28,31.15,31.4,29.48
09-07-2000,31.4,29.99,31.6,29.18
16-07-2000,28.56,31.05,32.35,28.51
23-07-2000,28.18,28.51,28.69,27.74
30-07-2000,29.96,28.17,30,27.26
06-08-2000,31.02,29.91,31.85,28.66
13-08-2000,31.99,31.03,32.75,30.64
20-08-2000,32.03,31.91,33,31.1
27-08-2000,33.38,31.96,33.7,31.83
03-09-2000,33.63,33.68,35.46,33.4
10-09-2000,35.92,33.6,36,32.7
17-09-2000,32.68,35.85,37.8,32.5
24-09-2000,30.84,32.2,32.23,30.2
01-10-2000,30.86,30.97,32.33,30.19
08-10-2000,34.99,30.9,37,30.86
15-10-2000,33.75,34.54,34.8,32.4
22-10-2000,32.74,33,34.08,32.62
29-10-2000,32.71,32.9,33.74,32.1
05-11-2000,34.02,32.48,34.13,32.1
12-11-2000,35.45,34.15,35.7,33.92
19-11-2000,35.4,34.98,35.84,34.67
26-11-2000,32.02,35.18,35.69,31.9
03-12-2000,28.44,32.1,32.75,27.85
10-12-2000,28.87,28.2,30.04,27.51
17-12-2000,26.18,28.93,29.85,25.58
24-12-2000,26.8,26.2,27,25.62
31-12-2000,27.95,26.9,28.78,26.65
07-01-2001,30.05,28.12,30.15,26.92
14-01-2001,32.19,30.3,32.4,29.02
21-01-2001,29.77,32.25,32.7,28.65
28-01-2001,31.19,29.77,31.27,28.27
04-02-2001,31.03,31.19,31.87,30.06
11-02-2001,29.16,30.9,31.1,28.55
18-02-2001,29.04,29.42,29.57,28.31
25-02-2001,27.84,28.9,29.18,27.16
04-03-2001,28.01,27.96,29.15,27.91
11-03-2001,26.74,27.92,28.24,26.12
18-03-2001,27.3,26.85,27.45,25.7
25-03-2001,26.29,27.4,28.04,25.75
01-04-2001,27.06,26.35,27.78,25.49
08-04-2001,28.25,27.02,28.84,27.01
15-04-2001,27.28,28.11,29.04,26.8
22-04-2001,28.27,27.6,28.65,26.75
29-04-2001,28.36,28.39,29.05,27.37
06-05-2001,28.55,28.34,28.85,27.05
13-05-2001,29.91,28.58,29.99,28.08
20-05-2001,28.38,29.9,30.2,28.1
27-05-2001,27.93,28.35,29.05,27.55
03-06-2001,28.33,28.07,28.39,27.25
10-06-2001,28.51,28.4,29.63,28.4
17-06-2001,26.83,28.44,28.54,25.85
24-06-2001,26.25,26.84,27.49,25.1
01-07-2001,28.21,26.31,28.29,25.38
08-07-2001,26.59,28.09,28.26,25.94
15-07-2001,25.59,26.55,26.58,24.54
22-07-2001,27.02,26.41,27.15,25.86
29-07-2001,27.62,27,27.92,26.31
05-08-2001,28.05,27.53,28.42,27.38
12-08-2001,26.68,28.04,28.27,26.55
19-08-2001,26.9,26.6,28.1,26.28
26-08-2001,27.2,26.97,27.6,26.44
02-09-2001,28.03,27.17,28.15,26.76
09-09-2001,29.53,27.95,29.98,27.57
16-09-2001,25.97,28.3,29.25,25.8
23-09-2001,23.43,25.9,25.9,20.3
30-09-2001,22.39,23.5,23.53,21.72
07-10-2001,22.5,22.61,23.98,21.95
14-10-2001,21.83,22.6,22.76,21.05
21-10-2001,22.03,21.97,22.6,21.41
28-10-2001,20.18,22.19,22.55,19.69
04-11-2001,22.22,20.18,22.41,19.56
11-11-2001,18.03,22.4,22.62,17.15
18-11-2001,18.96,18.3,19.56,16.7
25-11-2001,19.44,19.36,19.8,18.35
02-12-2001,19.04,19.4,20.78,17.92
09-12-2001,19.23,18.57,19.25,17.8
16-12-2001,19.62,19.23,20.18,18.79
23-12-2001,20.41,19.64,21.5,19.64
30-12-2001,21.62,20.36,21.7,19.66
06-01-2002,19.68,21.53,22,19.6
13-01-2002,18,19.68,19.77,17.85
20-01-2002,19.99,18.05,20.17,18
27-01-2002,20.38,20.06,20.55,18.56
03-02-2002,20.26,20.34,20.36,19.27
10-02-2002,21.5,20.27,21.75,19.96
17-02-2002,21.07,21.22,21.3,20.15
24-02-2002,22.4,21,22.8,20.37
03-03-2002,23.84,22.43,24.75,22.13
10-03-2002,24.51,23.87,24.75,23.65
17-03-2002,25.35,24.4,25.85,24.11
24-03-2002,26.31,25.35,26.38,24.7
31-03-2002,26.21,26.46,28.35,25.05
07-04-2002,23.47,26.4,27.23,23.31
14-04-2002,26.38,24.25,26.65,23.6
21-04-2002,27.11,26.4,27.2,25.78
28-04-2002,26.62,26.92,27.64,25.55
05-05-2002,27.99,26.31,28.27,25.62
12-05-2002,28.18,27.75,29.54,27.1
19-05-2002,25.88,28.2,28.54,25.45
26-05-2002,25.31,25.75,25.83,24.4
02-06-2002,24.75,25.26,25.47,24.2
09-06-2002,25.94,24.51,26.03,23.8
16-06-2002,25.82,26.03,26.5,25.1
23-06-2002,26.86,25.7,27.05,25.7
30-06-2002,26.8,26.89,27.15,26.38
07-07-2002,27.48,26.77,27.5,25.73
14-07-2002,27.83,27.6,28.1,26.9
21-07-2002,26.54,27.75,27.75,25.95
28-07-2002,26.84,26.52,27.67,26
04-08-2002,26.86,26.83,27.38,26.25
11-08-2002,29.33,26.9,29.45,26.48
18-08-2002,28.63,29.31,30.32,28.34
25-08-2002,28.98,28.68,29.65,28.15
01-09-2002,29.61,29,30.19,27.62
08-09-2002,29.81,29.57,30.2,28.64
15-09-2002,29.61,29.78,30,28.24
22-09-2002,30.54,30,31.39,30
29-09-2002,29.62,30.71,31.18,29.35
06-10-2002,29.37,29.72,30.1,28.52
13-10-2002,29.6,29.45,30.2,29.05
20-10-2002,27.05,29.42,29.5,26.9
27-10-2002,27.13,27.12,27.56,26.53
03-11-2002,25.78,26.97,27.4,25.16
10-11-2002,25.51,25.7,26.5,24.82
17-11-2002,26.76,25.53,27.25,25.52
24-11-2002,26.89,26.85,27.12,26.04
01-12-2002,26.93,26.9,27.71,26.57
08-12-2002,28.44,27.1,28.65,26.75
15-12-2002,30.3,28.62,31.25,28.61
22-12-2002,32.72,30.41,32.76,30.41
29-12-2002,33.08,32.75,33.65,30.05
05-01-2003,31.68,33.08,33.33,29.75
12-01-2003,33.91,31.3,34,31.13
19-01-2003,33.28,33.76,35.2,31.9
26-01-2003,33.51,33.34,33.95,32.25
02-02-2003,35.12,33.33,35.25,32.55
09-02-2003,36.8,34.9,36.85,34.3
16-02-2003,35.58,36.38,37.55,34.7
23-02-2003,36.6,35.47,39.99,35.47
02-03-2003,37.78,36.45,37.84,35.36
09-03-2003,35.38,37.78,38.2,33.85
16-03-2003,26.91,35.98,36.95,26.3
23-03-2003,30.16,27.37,31.05,27.21
30-03-2003,28.62,30.24,31.32,27.66
06-04-2003,28.14,28,28.95,27.02
13-04-2003,30.55,28.15,30.65,27.57
20-04-2003,26.26,30.25,31.25,25.61
27-04-2003,25.67,26.2,26.6,25.04
04-05-2003,27.72,25.52,27.95,25.46
11-05-2003,29.14,27.59,29.48,27.22
18-05-2003,29.16,29.16,29.6,28.3
25-05-2003,29.56,29.16,29.65,28.27
01-06-2003,31.28,29.49,31.3,29.49
08-06-2003,30.65,31.28,32.5,29.85
15-06-2003,30.82,30.5,31.35,29.7
22-06-2003,29.27,29.53,30.05,28.53
29-06-2003,30.42,29.3,30.98,29.1
06-07-2003,31.28,30.15,31.75,29.52
13-07-2003,31.96,31.15,32.05,30.65
20-07-2003,30.17,32,32.1,29.17
27-07-2003,32.31,29.97,32.38,29.6
03-08-2003,32.18,32.15,32.85,31.45
10-08-2003,31.05,32.14,32.35,30.1
17-08-2003,31.84,31.31,32.4,30.36
24-08-2003,31.57,31.94,32.3,31.1
31-08-2003,28.88,31.28,31.4,28.51
07-09-2003,28.27,28.93,29.52,27.85
14-09-2003,27.03,28.3,28.45,26.65
21-09-2003,28.16,26.97,28.7,26.75
28-09-2003,30.4,28.24,30.44,28.24
05-10-2003,31.97,30.51,32.6,29.45
12-10-2003,30.68,31.97,32.49,29.9
19-10-2003,30.16,30.67,30.8,29.4
26-10-2003,29.11,30.1,30.32,28.26
02-11-2003,30.85,29.13,31.14,28.47
09-11-2003,32.37,31.14,32.5,30.63
16-11-2003,31.61,32.37,33.55,31.38
23-11-2003,30.41,31.47,31.47,29.3
30-11-2003,30.73,30.26,31.65,29.66
07-12-2003,33.04,30.66,33.2,30.63
14-12-2003,33.02,32.04,33.93,31.74
21-12-2003,32.86,32.9,33,31.25
28-12-2003,32.52,32.75,33.2,32.1
04-01-2004,34.31,32.4,34.7,32.27
11-01-2004,35.07,34.35,35.41,33.27
18-01-2004,34.94,34.92,36.37,33.75
25-01-2004,33.05,34.79,34.98,32.41
01-02-2004,32.48,33.2,35.19,32.2
08-02-2004,34.56,32.35,34.65,32.25
15-02-2004,35.6,34.48,36.1,34.25
22-02-2004,36.16,34.27,36.23,34.03
29-02-2004,37.26,36.16,37.45,35.41
07-03-2004,36.19,37.26,37.51,35.3
14-03-2004,38.08,36.15,38.5,35.85
21-03-2004,35.73,38.09,38.09,34.75
28-03-2004,34.39,35.68,36.77,33.3
04-04-2004,37.14,34.2,37.3,33.93
11-04-2004,37.74,37.24,37.95,36.25
18-04-2004,36.46,37.65,38.3,35.35
25-04-2004,37.38,36.75,38.18,36.55
02-05-2004,39.93,37.39,40,37.25
09-05-2004,41.38,39.84,41.56,38.28
16-05-2004,39.93,41.28,41.85,39.65
23-05-2004,39.88,40,41.83,39
30-05-2004,38.49,40.4,42.45,38.15
06-06-2004,38.45,38.44,39.14,36.45
13-06-2004,38.75,38.27,38.83,36.9
20-06-2004,37.55,38.65,39.05,37.1
27-06-2004,38.39,37.29,39.1,35.52
04-07-2004,39.96,38.79,40.45,38.75
11-07-2004,41.25,39.76,41.8,38.98
18-07-2004,41.71,41.19,42.3,40.25
25-07-2004,43.8,41.75,43.85,41.05
01-08-2004,43.95,43.69,44.77,42.62
08-08-2004,46.58,43.81,46.65,43.3
15-08-2004,47.86,46.6,49.4,45.63
22-08-2004,43.18,46.81,47.22,42.5
29-08-2004,43.99,43.31,45.37,41.3
05-09-2004,42.81,43.57,45.09,42.4
12-09-2004,45.59,43.13,45.8,42.75
19-09-2004,48.88,45.59,49,45.3
26-09-2004,50.12,48.75,50.47,48.4
03-10-2004,53.31,49.9,53.4,49.44
10-10-2004,54.93,53.19,55,51.49
17-10-2004,55.17,54.8,55.5,52.59
24-10-2004,51.76,55.05,55.67,50.47
31-10-2004,49.61,51.82,52.5,48.3
07-11-2004,47.32,49.6,49.6,46.96
14-11-2004,48.44,47.11,48.9,45.25
21-11-2004,49.44,48.8,50.25,47.8
28-11-2004,42.54,49.4,50.4,42.05
05-12-2004,40.71,42.5,43.6,40.25
12-12-2004,46.28,40.9,46.35,40.25
19-12-2004,44.18,46.2,46.2,43.65
26-12-2004,43.45,43.87,43.87,41
02-01-2005,45.43,43.1,46.1,41.25
09-01-2005,48.38,45.6,48.65,44.95
16-01-2005,48.53,48.6,49.5,46.4
23-01-2005,47.18,48.88,49.75,46.8
30-01-2005,46.48,46.68,48.25,45.75
06-02-2005,47.16,46.32,47.48,44.6
13-02-2005,48.35,47.05,48.65,46.6
20-02-2005,51.49,48.37,52.05,48.37
27-02-2005,53.78,51.8,55.2,50.65
06-03-2005,54.43,53.56,55.65,52.5
13-03-2005,56.72,54.45,57.6,53.52
20-03-2005,54.84,56.68,57.58,53.4
27-03-2005,57.27,54.44,57.7,52.5
03-04-2005,53.32,57.15,58.28,52.7
10-04-2005,50.49,53.26,54.05,49.75
17-04-2005,55.39,50.43,55.9,49.66
24-04-2005,49.72,55.15,56,49.5
01-05-2005,50.96,49.28,52.23,48.8
08-05-2005,48.67,51.28,53.1,47.75
15-05-2005,46.8,48.67,49.35,46.2
22-05-2005,51.85,48.25,52,48.05
29-05-2005,55.03,51.98,55.4,50.9
05-06-2005,53.54,55.2,55.55,52.22
12-06-2005,58.47,53.43,58.6,53.05
19-06-2005,59.84,58.51,60,57.85
26-06-2005,58.75,59.9,60.95,55.9
03-07-2005,59.63,58.89,62.1,57.2
10-07-2005,58.09,59.4,61.3,57.25
17-07-2005,58.65,58,58.98,56.1
24-07-2005,60.57,58.75,61.05,57.65
31-07-2005,62.31,60.51,62.5,60.51
07-08-2005,66.86,62.31,67.1,62.21
14-08-2005,65.35,66.85,67,62.25
21-08-2005,66.13,65.4,68,64.65
28-08-2005,67.57,68.6,70.85,66.3
04-09-2005,64.08,66.6,67.56,63.1
11-09-2005,63,64.15,65.66,62.55
18-09-2005,64.19,63.39,68.27,63.2
25-09-2005,66.24,63.44,67.4,62.65
02-10-2005,61.84,66.2,66.62,60.7
09-10-2005,62.63,61.79,64.7,60.35
16-10-2005,60.63,62.95,64.4,59.15
23-10-2005,61.22,60.06,62.95,59.3
30-10-2005,60.58,61.2,62.15,58.75
06-11-2005,57.53,60.11,60.44,56.93
13-11-2005,56.14,57.8,58.52,55.4
20-11-2005,58.71,57.42,59.15,57.1
27-11-2005,59.32,58.11,59.55,55.72
04-12-2005,59.39,59.41,61.5,59.03
11-12-2005,58.06,59.51,61.9,58
18-12-2005,58.43,58,59.29,56.9
25-12-2005,61.04,58.3,61.25,57.3
01-01-2006,64.21,61.04,64.45,60.81
08-01-2006,63.92,64.15,65.05,62.6
15-01-2006,68.35,64.82,68.8,64.6
22-01-2006,67.76,68.45,69.2,65.31
29-01-2006,65.37,67.85,69,63.95
05-02-2006,61.84,65.6,66.62,61.2
12-02-2006,59.88,62.1,62.18,57.55
19-02-2006,62.91,61.25,63.25,59.7
26-02-2006,63.67,62.8,63.79,60.3
05-03-2006,59.96,63.75,63.92,59.25
12-03-2006,62.77,60.05,63.9,59.58
19-03-2006,64.26,62.75,64.75,59.6
26-03-2006,66.63,64.4,67.3,63.45
02-04-2006,67.39,66.25,68.2,65.6
09-04-2006,69.32,67.4,69.6,67.22
16-04-2006,75.17,69.55,75.35,69.3
23-04-2006,71.88,75.35,75.35,70.49
30-04-2006,70.19,71.7,74.99,69.3
07-05-2006,72.04,70.05,73.9,68.25
14-05-2006,68.53,71.9,72.04,67.85
21-05-2006,71.37,68.52,72.15,67.42
28-05-2006,72.33,71.31,72.75,70.05
04-06-2006,71.63,72.7,73.84,69.1
11-06-2006,69.88,71.6,72.32,68.1
18-06-2006,70.87,69.87,71.3,68.55
25-06-2006,73.93,70.86,74.15,70.4
02-07-2006,74.09,73.95,75.78,73.38
09-07-2006,77.03,73.94,78.4,72.9
16-07-2006,74.43,76.91,77.74,71.65
23-07-2006,73.24,74.45,75.78,72.8
30-07-2006,74.76,73.5,76.5,72.77
06-08-2006,74.35,74.78,77.45,73.75
13-08-2006,71.14,73.79,73.95,69.6
20-08-2006,72.51,71.22,73.75,71.1
27-08-2006,69.19,72.2,72.2,68.65
03-09-2006,66.25,69.25,69.59,66
10-09-2006,63.33,66.01,66.5,62.03
17-09-2006,60.55,63.49,64.46,60
24-09-2006,62.91,60.25,64,59.52
01-10-2006,59.76,62.8,63.32,57.75
08-10-2006,58.57,59.9,61.3,57.22
15-10-2006,56.82,58.86,60.54,56.55
22-10-2006,60.75,59.43,61.79,58.12
29-10-2006,59.14,60.75,61.05,57.05
05-11-2006,59.59,59.15,61.33,58.5
12-11-2006,55.81,59.6,59.92,54.86
19-11-2006,59.24,58.73,60.4,57.97
26-11-2006,63.43,59.89,63.77,59.26
03-12-2006,62.03,63.81,63.82,61.53
10-12-2006,63.43,62.21,63.5,60.65
17-12-2006,62.41,63.2,64.15,61.65
24-12-2006,61.05,62.44,63.2,59.9
31-12-2006,56.31,60.95,60.97,54.9
07-01-2007,52.99,56.24,57.72,51.56
14-01-2007,51.99,52.94,53.55,49.9
21-01-2007,55.42,52.09,55.9,50.8
28-01-2007,59.02,55.63,59.25,53.75
04-02-2007,59.89,59.25,60.8,57.25
11-02-2007,59.39,59.68,59.76,56.62
18-02-2007,61.14,58.87,61.8,57.32
25-02-2007,61.64,60.88,62.49,59.92
04-03-2007,60.05,61.3,62.3,59.55
11-03-2007,57.11,59.96,59.96,56.17
18-03-2007,62.28,57.11,62.65,56.1
25-03-2007,65.87,62.34,68.09,62.24
01-04-2007,64.28,66.03,66.69,63.56
08-04-2007,63.63,64.29,64.58,61.35
15-04-2007,63.38,63.41,64.64,61.34
22-04-2007,66.46,64.11,66.7,63.7
29-04-2007,61.93,66.36,66.65,61.56
06-05-2007,62.37,61.71,62.58,60.68
13-05-2007,64.94,62.42,65.64,61.9
20-05-2007,65.2,64.95,66.38,63.82
27-05-2007,65.08,64.98,65.25,62.43
03-06-2007,64.76,64.87,67.42,64.53
10-06-2007,68,64.7,68.3,64.52
17-06-2007,69.14,68.13,69.88,67.29
24-06-2007,70.68,68.85,71.06,67.07
01-07-2007,72.81,70.52,72.94,69.57
08-07-2007,73.93,72.75,74.01,71.6
15-07-2007,75.57,74.01,76.13,73.5
22-07-2007,77.02,75.69,77.24,72.91
29-07-2007,75.48,76.92,78.77,75.04
05-08-2007,71.47,75.04,75.1,70.1
12-08-2007,71.98,71.47,74.23,70.1
19-08-2007,71.09,71.77,71.77,68.63
26-08-2007,74.04,71.04,74.44,70.2
02-09-2007,76.7,73.9,77.43,73.48
09-09-2007,79.1,76.46,80.36,75.52
16-09-2007,81.62,79.03,83.9,78.25
23-09-2007,81.66,81.3,83.76,78.44
30-09-2007,81.22,81.75,82.02,78.87
07-10-2007,83.69,81.11,84.05,78.35
14-10-2007,88.6,83.91,90.07,83.5
21-10-2007,91.86,88.86,92.22,84.68
28-10-2007,95.93,91.72,96.24,88.92
04-11-2007,96.32,95.93,98.62,93.72
11-11-2007,95.1,96.01,96.2,90.13
18-11-2007,98.18,93.88,99.29,93.16
25-11-2007,88.71,98.28,99.11,88.45
02-12-2007,88.28,88.79,90.73,85.82
09-12-2007,91.27,88.27,94.85,87.09
16-12-2007,93.31,91.43,93.84,88.88
23-12-2007,96,93.58,97.92,92.5
30-12-2007,97.91,96.12,100.09,94.73
06-01-2008,92.69,97.79,98.4,92.31
13-01-2008,90.57,92.92,94.43,89.26
20-01-2008,90.71,90.58,91.38,86.11
27-01-2008,88.96,90.62,92.71,88.46
03-02-2008,91.77,88.66,91.98,86.24
10-02-2008,95.5,91.76,96.67,90.92
17-02-2008,98.81,95.37,101.32,95.23
24-02-2008,101.84,98.99,103.05,97.75
02-03-2008,105.15,101.63,106.54,98.87
09-03-2008,110.21,105.25,111,104.08
16-03-2008,101.84,110.1,111.8,98.65
23-03-2008,105.62,101.7,108.22,99.13
30-03-2008,106.23,105.12,106.78,99.55
06-04-2008,110.14,106.12,112.21,105.86
13-04-2008,116.69,110,117,109.56
20-04-2008,118.52,116.93,119.9,114.25
27-04-2008,116.32,118.95,119.93,110.3
04-05-2008,125.96,116.5,126.27,116.05
11-05-2008,126.29,125.84,127.82,120.75
18-05-2008,132.19,126.35,135.09,125.28
25-05-2008,127.35,131.68,133.65,124.67
01-06-2008,138.54,127.63,139.12,121.61
08-06-2008,134.86,137.97,138.3,130.8
15-06-2008,134.62,134.41,139.89,131.19
22-06-2008,140.21,134.8,142.99,131.95
29-06-2008,145.29,140.6,145.85,139.17
06-07-2008,145.08,144.27,147.27,135.14
13-07-2008,128.88,144.69,146.73,128.23
20-07-2008,123.26,128.88,132.07,122.5
27-07-2008,125.1,123.41,128.6,120.42
03-08-2008,115.2,125.98,126.35,114.62
10-08-2008,113.77,115.2,117.46,111.34
17-08-2008,114.59,113.94,122.04,111.64
24-08-2008,115.46,114.69,120.5,112.36
31-08-2008,106.23,116.65,118.6,105.13
07-09-2008,101.18,107.75,109.89,99.99
14-09-2008,104.55,101,105.25,90.51
21-09-2008,106.89,104.97,130,103.22
28-09-2008,93.88,106.89,106.91,91.3
05-10-2008,77.7,92.5,93.02,77.09
12-10-2008,71.85,80.12,84.83,68.57
19-10-2008,64.15,72.16,76.12,62.65
26-10-2008,67.81,64.78,70.6,61.3
02-11-2008,61.04,67.37,71.77,59.97
09-11-2008,57.04,61.8,65.56,54.67
16-11-2008,49.93,56.74,58.98,48.25
23-11-2008,54.43,50.97,55.98,48.8
30-11-2008,40.81,54.62,54.62,40.5
07-12-2008,46.28,41.64,49.12,41.55
14-12-2008,33.87,46.77,50.05,32.4
21-12-2008,37.71,42.79,43.44,35.13
28-12-2008,46.34,38.4,46.74,36.94
04-01-2009,40.83,47.04,50.47,39.38
11-01-2009,36.51,40.55,40.8,33.2
18-01-2009,46.47,36.14,47,32.7
25-01-2009,41.68,46.05,48.59,40.18
01-02-2009,40.17,41.75,42.68,38.6
08-02-2009,37.51,39.88,42.43,33.55
15-02-2009,38.94,37.81,39.85,34.13
22-02-2009,44.76,39.73,45.3,37.65
01-03-2009,45.52,44.34,46.3,39.44
08-03-2009,46.25,45.76,48.83,42.08
15-03-2009,51.06,45.2,52.25,43.62
22-03-2009,52.38,52.13,54.66,51.62
29-03-2009,52.51,52.25,53.9,47.26
05-04-2009,52.24,52.4,53.6,47.37
12-04-2009,50.33,52,52.15,48.84
19-04-2009,51.55,50.16,51.75,43.83
26-04-2009,53.2,51.45,53.65,48.01
03-05-2009,58.63,52.62,58.75,52.56
10-05-2009,56.34,58.49,60.08,56.07
17-05-2009,61.67,56.47,62.26,56.12
24-05-2009,66.31,61.5,66.64,59.53
31-05-2009,68.44,66.48,70.32,64.95
07-06-2009,72.04,68.32,73.23,66.78
14-06-2009,69.55,72.2,72.77,68.9
21-06-2009,69.16,69.89,71.29,66.25
28-06-2009,66.73,69.25,73.38,66.26
05-07-2009,59.89,66.49,67.17,58.72
12-07-2009,63.56,59.86,63.99,58.32
19-07-2009,68.05,63.38,68.2,63.19
26-07-2009,69.45,68.05,69.74,62.7
02-08-2009,70.93,69.3,72.84,69.09
09-08-2009,67.51,70.67,72.21,67.12
16-08-2009,73.89,67.69,74.72,65.23
23-08-2009,72.74,73.75,75,69.83
30-08-2009,68.02,71,73.36,67.05
06-09-2009,69.29,67.87,72.9,67.54
13-09-2009,72.04,69.15,73.16,68.02
20-09-2009,66.02,71.78,72.2,65.05
27-09-2009,69.95,66.15,71.39,65.41
04-10-2009,71.77,69.81,72.55,68.05
11-10-2009,78.53,72.24,78.75,72.05
18-10-2009,80.5,78.56,82,77.64
25-10-2009,77,79.65,81.58,76.85
01-11-2009,77.43,77.02,81.06,76.55
08-11-2009,76.35,77.87,80.51,75.57
15-11-2009,76.72,76.58,80.33,76.2
22-11-2009,76.05,77.8,79.92,72.39
29-11-2009,75.47,76.05,79.04,74.85
06-12-2009,69.87,75.8,76.1,69.46
13-12-2009,73.36,69.63,74.69,68.59
20-12-2009,78.05,73.05,78.25,71.99
27-12-2009,79.36,77.92,80,77.76
03-01-2010,82.75,79.63,83.52,79.63
10-01-2010,78,82.88,83.95,77.7
17-01-2010,74.54,77.85,79.15,74.01
24-01-2010,72.89,74.24,75.42,72.43
31-01-2010,71.19,72.84,78.04,69.5
07-02-2010,74.13,72.18,75.69,70.77
14-02-2010,79.81,74.02,80.1,73.71
21-02-2010,79.66,80.1,80.51,77.05
28-02-2010,81.5,79.84,82.07,78.06
07-03-2010,81.24,81.79,83.16,80.16
14-03-2010,80.68,81.13,83.09,79.13
21-03-2010,80,80.93,82.2,78.57
28-03-2010,84.87,80.24,85.37,80.18
04-04-2010,84.92,85.31,87.09,84.12
11-04-2010,83.24,85.17,86.39,82.51
18-04-2010,85.12,82.92,85.19,80.53
25-04-2010,86.15,85.22,86.5,81.29
02-05-2010,75.11,86.2,87.15,74.51
09-05-2010,71.61,76.11,78.51,70.83
16-05-2010,70.04,71.79,72.52,64.24
23-05-2010,73.97,70.62,75.72,67.15
30-05-2010,71.51,73.97,75.42,70.73
06-06-2010,73.78,70.35,76.3,69.51
13-06-2010,77.18,74.06,78.13,74.04
20-06-2010,78.86,77.5,79.19,75.17
27-06-2010,72.14,79,79.38,71.62
04-07-2010,76.09,72.06,76.48,71.09
11-07-2010,76.01,76.3,78.15,74.25
18-07-2010,78.98,75.72,79.6,75.5
25-07-2010,78.95,78.98,79.69,75.9
01-08-2010,80.7,78.95,82.97,78.83
08-08-2010,75.39,80.91,81.76,75.01
15-08-2010,73.46,75.6,76.63,73.19
22-08-2010,75.17,73.9,75.59,70.76
29-08-2010,74.6,75.5,75.58,71.53
05-09-2010,76.45,74.3,76.73,72.63
12-09-2010,73.66,76.36,78.04,72.75
19-09-2010,76.49,73.59,76.68,72.81
26-09-2010,81.58,76.47,81.75,75.52
03-10-2010,82.66,81.68,84.43,80.3
10-10-2010,81.25,82.95,84.12,80.75
17-10-2010,81.69,81.38,83.28,79.25
24-10-2010,81.43,82.01,83.28,80.52
31-10-2010,86.85,81.45,87.43,81.32
07-11-2010,84.88,87.39,88.63,84.52
14-11-2010,81.51,84.87,85.77,80.06
21-11-2010,83.76,82.15,84.53,80.28
28-11-2010,89.19,83.9,89.49,83.55
05-12-2010,87.79,89.44,90.76,87.1
12-12-2010,88.02,87.68,89.49,86.83
19-12-2010,91.51,88.18,91.63,87.26
26-12-2010,91.38,91.07,92.06,89.02
02-01-2011,88.03,91.31,92.58,87.25
09-01-2011,91.54,89,92.39,88.13
16-01-2011,89.11,91.51,92.1,88
23-01-2011,89.34,89.26,89.73,85.11
30-01-2011,89.03,89.97,92.84,88.4
06-02-2011,85.58,89.06,89.54,85.1
13-02-2011,86.2,85.5,87.88,83.85
20-02-2011,97.88,86.33,103.41,86.25
27-02-2011,104.42,98.5,105.17,96.37
06-03-2011,101.16,104.65,106.95,99.01
13-03-2011,101.07,100.31,103.66,96.22
20-03-2011,105.4,102.12,106.69,101.43
27-03-2011,107.94,105.43,108.47,102.7
03-04-2011,112.79,108.29,113.21,107.5
10-04-2011,109.66,113.28,113.46,105.31
17-04-2011,112.29,109.43,112.48,105.5
24-04-2011,113.93,112.34,114.18,110.71
01-05-2011,97.18,113.89,114.83,94.63
08-05-2011,99.65,98.11,104.6,95.25
15-05-2011,99.49,99.36,100.99,95.02
22-05-2011,100.59,99.68,101.9,96.37
29-05-2011,100.22,100.69,103.39,98.12
05-06-2011,99.29,100.42,102.44,97.74
12-06-2011,93.01,98.77,99.95,91.84
19-06-2011,91.16,92.8,95.7,89.69
26-06-2011,94.94,91.16,95.84,89.61
03-07-2011,96.2,94.98,99.42,94.34
10-07-2011,97.24,96.1,99.21,93.55
17-07-2011,99.87,97.37,100.19,94.69
24-07-2011,95.7,99.76,100.62,94.95
31-07-2011,86.88,96.2,98.6,82.87
07-08-2011,85.38,85.71,87.37,75.71
14-08-2011,82.26,85.59,89,79.17
21-08-2011,85.37,82.42,86.59,81.13
28-08-2011,86.45,85.33,89.9,85.11
04-09-2011,87.24,86.46,90.48,83.2
11-09-2011,87.96,86.7,90.52,85
18-09-2011,79.85,87.75,87.99,77.55
25-09-2011,79.2,79.64,84.77,77.11
02-10-2011,82.98,78.92,84,74.95
09-10-2011,86.8,82.75,87.42,82.75
16-10-2011,87.4,87.48,89.51,84.1
23-10-2011,93.32,87.05,94.65,87
30-10-2011,94.26,93.53,94.93,89.17
06-11-2011,98.99,94.4,99.4,93.23
13-11-2011,97.41,99.3,103.37,96.64
20-11-2011,96.77,97.54,98.7,94.99
27-11-2011,100.96,97.5,101.75,97.13
04-12-2011,99.41,101.23,102.44,97.36
11-12-2011,93.53,99.58,101.25,92.52
18-12-2011,99.68,93.76,100.23,92.54
25-12-2011,98.83,99.92,101.77,98.3
01-01-2012,101.56,99.7,103.74,99.65
08-01-2012,98.7,101.92,103.41,97.7
15-01-2012,98.46,98.95,102.06,97.91
22-01-2012,99.56,98.34,101.39,97.4
29-01-2012,97.84,100,101.29,95.44
05-02-2012,98.67,97.74,100.18,95.84
12-02-2012,103.24,99.33,104.14,99.09
19-02-2012,109.77,104.65,109.95,104.26
26-02-2012,106.7,109.67,110.55,104.84
04-03-2012,107.4,106.75,108.2,104.35
11-03-2012,107.06,107.5,107.56,103.78
18-03-2012,106.87,107.18,108.25,104.5
25-03-2012,103.02,106.79,107.73,102.13
01-04-2012,103.31,103.27,105.49,101.08
08-04-2012,102.83,102.53,104.24,100.68
15-04-2012,103.05,102.8,105.07,101.67
22-04-2012,104.93,103.82,105,101.82
29-04-2012,98.49,104.93,106.43,97.51
06-05-2012,96.13,98.05,98.24,95.17
13-05-2012,91.48,95.79,95.83,90.93
20-05-2012,90.86,91.27,93.06,89.28
27-05-2012,83.23,91,92.21,82.29
03-06-2012,84.1,82.96,87.03,81.21
10-06-2012,84.03,85.72,86.64,81.07
17-06-2012,79.76,85.09,85.6,77.56
24-06-2012,84.96,80.2,85.34,77.28
01-07-2012,84.45,84.65,88.98,82.1
08-07-2012,87.1,84.2,87.61,83.65
15-07-2012,91.44,87.13,92.94,86.41
22-07-2012,90.13,91.61,91.64,86.84
29-07-2012,91.4,90.14,91.74,86.92
05-08-2012,92.87,91.34,94.72,90.63
12-08-2012,96.01,93.25,96.28,92.05
19-08-2012,96.15,96.36,98.29,95.02
26-08-2012,96.47,96.67,97.72,93.95
02-09-2012,96.42,96.38,97.71,94.08
09-09-2012,99,96.24,100.42,95.34
16-09-2012,92.89,99.15,99.52,90.66
23-09-2012,92.19,93.18,93.2,88.95
30-09-2012,89.88,92.15,93.33,87.7
07-10-2012,91.86,89.85,93.66,88.21
14-10-2012,90.05,91.63,93.05,89.79
21-10-2012,86.28,89.52,90.8,84.94
28-10-2012,84.86,86.43,87.42,84.66
04-11-2012,86.07,84.65,89.22,84.05
11-11-2012,86.67,86.19,87.01,84.57
18-11-2012,88.28,87.3,89.8,86.17
25-11-2012,88.91,88.21,88.99,85.36
02-12-2012,85.93,88.85,90.33,85.68
09-12-2012,86.73,85.98,87.68,85.21
16-12-2012,88.66,86.88,90.54,86.48
23-12-2012,90.8,88.6,91.49,88.2
30-12-2012,93.09,90.41,93.87,90
06-01-2013,93.56,93.21,94.7,92.42
13-01-2013,95.56,93.74,96.04,92.95
20-01-2013,95.88,95.25,96.92,94.95
27-01-2013,97.77,96.04,98.24,95.47
03-02-2013,95.72,97.72,97.76,95.04
10-02-2013,95.86,95.79,98.11,94.97
17-02-2013,93.13,95.97,97.07,92.44
24-02-2013,90.68,93.23,94.46,90.04
03-03-2013,91.95,90.71,92.03,89.33
10-03-2013,93.45,91.83,93.84,90.89
17-03-2013,93.71,93.26,94.09,91.76
24-03-2013,97.23,93.72,97.35,93.7
31-03-2013,92.7,97.36,97.8,91.91
07-04-2013,91.29,93.02,94.82,90.27
14-04-2013,88.01,90.95,90.98,85.61
21-04-2013,93,87.96,93.87,87.55
28-04-2013,95.61,92.7,96.04,90.11
05-05-2013,96.04,95.58,97.17,93.37
12-05-2013,96.02,95.76,96.45,92.13
19-05-2013,94.15,95.93,97.11,92.21
26-05-2013,91.97,93.89,95.92,91.56
02-06-2013,96.03,91.73,96.39,91.26
09-06-2013,97.85,96.09,98.25,94.04
16-06-2013,93.69,97.85,99.01,93.12
23-06-2013,96.56,93.85,97.82,92.67
30-06-2013,103.22,96.58,103.68,96.07
07-07-2013,105.95,103.95,107.45,102.13
14-07-2013,108.05,106.05,109.32,104.65
21-07-2013,104.7,108.34,108.79,103.9
28-07-2013,106.94,104.61,108.82,102.67
04-08-2013,105.97,106.84,107.69,102.22
11-08-2013,107.46,105.84,108.17,105.03
18-08-2013,106.42,107.78,107.8,103.5
25-08-2013,107.65,106.91,112.24,105.56
01-09-2013,110.53,107.07,110.7,104.21
08-09-2013,108.21,110.28,110.46,106.39
15-09-2013,104.68,107.5,108.99,104.32
22-09-2013,102.87,104.89,105.12,102.2
29-09-2013,103.84,102.46,104.38,101.05
06-10-2013,102.02,103.45,104.08,100.6
13-10-2013,100.81,101.37,102.97,100.03
20-10-2013,97.85,100.63,100.95,95.95
27-10-2013,94.61,97.88,98.82,94.36
03-11-2013,94.6,94.52,95.4,93.07
10-11-2013,93.84,94.45,95.38,92.51
17-11-2013,94.84,93.78,95.63,92.43
24-11-2013,92.72,94.15,94.69,91.77
01-12-2013,97.65,92.71,98.07,92.56
08-12-2013,96.6,97.66,98.75,96.26
15-12-2013,99.32,96.55,99.4,96.21
22-12-2013,100.32,99.2,100.75,98.53
29-12-2013,93.96,100.15,100.42,93.86
05-01-2014,92.72,94.18,94.59,91.24
12-01-2014,94.37,92.83,94.94,91.43
19-01-2014,96.64,94,97.84,93.43
26-01-2014,97.49,96.9,98.59,95.21
02-02-2014,99.88,97.4,100.24,96.26
09-02-2014,100.3,100.05,101.38,99.11
16-02-2014,102.2,100.32,103.8,100.23
23-02-2014,102.59,102.29,103.45,101.02
02-03-2014,102.58,103,105.22,100.13
09-03-2014,98.89,102.75,102.82,97.55
16-03-2014,99.46,99.39,100.82,97.37
23-03-2014,101.67,99.49,102.24,98.8
30-03-2014,101.14,101.69,101.97,98.86
06-04-2014,103.74,100.91,104.44,99.92
13-04-2014,104.3,103.56,104.99,102.91
20-04-2014,100.6,104.54,104.77,100.48
27-04-2014,99.76,100.49,102.2,98.74
04-05-2014,99.99,99.96,101.18,98.91
11-05-2014,102.02,100.12,102.65,99.93
18-05-2014,104.35,102.13,104.5,101.97
25-05-2014,102.71,104.34,104.5,102.4
01-06-2014,102.66,102.92,103.69,101.6
08-06-2014,106.91,102.78,107.68,102.62
15-06-2014,107.26,106.88,107.73,105.32
22-06-2014,105.74,107.42,107.5,105.03
29-06-2014,104.06,105.69,106.09,103.67
06-07-2014,100.83,104.06,104.2,100.44
13-07-2014,103.13,100.46,103.94,99.01
20-07-2014,102.09,102.97,105.25,101
27-07-2014,97.88,101.87,102.1,97.09
03-08-2014,97.65,97.67,98.67,96.55
10-08-2014,97.35,97.54,98.58,95.26
17-08-2014,93.65,97.1,97.16,92.5
24-08-2014,95.96,93.34,96,93.05
31-08-2014,93.29,95.81,95.91,92.68
07-09-2014,92.27,93.49,93.94,90.43
14-09-2014,92.41,92.13,95.19,90.63
21-09-2014,93.54,92.22,93.86,90.58
28-09-2014,89.74,93.35,94.9,88.18
05-10-2014,85.82,89.77,90.74,83.59
12-10-2014,82.75,85.2,85.87,79.78
19-10-2014,81.01,83.13,84.05,80.05
26-10-2014,80.54,81.27,82.88,79.44
02-11-2014,78.65,80.59,80.98,75.84
09-11-2014,75.82,78.5,79.85,73.25
16-11-2014,76.51,75.93,77.83,73.88
23-11-2014,66.15,76.62,77.02,65.69
30-11-2014,65.84,66,69.54,63.72
07-12-2014,57.81,65.46,65.55,57.34
14-12-2014,56.52,57.07,58.98,53.6
21-12-2014,54.73,57.75,58.53,54.51
28-12-2014,52.69,55.05,55.74,52.03
04-01-2015,48.36,52.61,52.73,46.83
11-01-2015,48.69,48.19,51.27,44.2
18-01-2015,45.59,48.69,49.09,45.21
25-01-2015,48.24,45.2,48.35,43.58
01-02-2015,51.69,47.59,54.24,46.67
08-02-2015,52.78,52.01,53.99,48.05
15-02-2015,50.34,52.75,54.15,49.15
22-02-2015,49.76,50.75,51.28,47.8
01-03-2015,49.61,49.45,52.4,48.71
08-03-2015,44.84,49.6,50.79,44.75
15-03-2015,45.72,44.81,46.53,42.03
22-03-2015,48.87,46.41,52.48,45.33
29-03-2015,49.14,48.57,50.45,47.05
05-04-2015,51.64,49.47,54.13,49.47
12-04-2015,55.74,51.81,57.42,51.47
19-04-2015,57.15,56.16,58.41,54.85
26-04-2015,59.15,57.3,59.9,56.07
03-05-2015,59.39,59.3,62.58,58.14
10-05-2015,59.69,59.43,61.85,58.42
17-05-2015,59.72,59.85,60.94,57.09
24-05-2015,60.3,60.05,60.7,56.51
31-05-2015,59.13,60.29,61.58,56.83
07-06-2015,59.96,58.96,61.82,57.86
14-06-2015,59.61,59.9,61.38,58.73
21-06-2015,59.63,59.44,61.57,58.76
28-06-2015,56.93,58.84,59.69,56.5
05-07-2015,52.74,56.42,56.79,50.58
12-07-2015,50.89,52.15,53.5,50.14
19-07-2015,48.14,50.76,51.26,47.72
26-07-2015,47.12,48,49.52,46.68
02-08-2015,43.87,46.86,46.94,43.7
09-08-2015,42.5,43.58,45.34,41.35
16-08-2015,40.45,42.18,42.9,39.86
23-08-2015,45.22,40.3,45.9,37.75
30-08-2015,46.05,45,49.33,43.21
06-09-2015,44.63,45.82,46.41,43.36
13-09-2015,44.68,44.78,47.71,43.59
20-09-2015,45.7,44.97,47.15,43.71
27-09-2015,45.54,45.38,47.1,43.97
04-10-2015,49.63,45.65,50.92,45.21
11-10-2015,47.26,49.51,50.13,45.23
18-10-2015,44.6,47.27,47.49,44.2
25-10-2015,46.59,44.74,47.03,42.58
01-11-2015,44.29,46.43,48.36,44.11
08-11-2015,40.74,44.52,45.12,40.22
15-11-2015,40.39,40.92,42.25,38.99
22-11-2015,41.71,41.49,43.46,40.41
29-11-2015,39.97,41.77,42.61,39.6
06-12-2015,35.62,40.1,40.15,35.16
13-12-2015,34.73,35.4,37.88,34.29
20-12-2015,38.1,34.58,38.28,33.98
27-12-2015,37.04,38,38.09,36.22
03-01-2016,33.16,37.6,38.39,32.1
10-01-2016,29.42,32.94,33.2,29.13
17-01-2016,32.19,29.2,32.35,26.19
24-01-2016,33.62,32.05,34.82,29.25
31-01-2016,30.89,33.83,34.18,29.4
07-02-2016,29.44,30.97,31.38,26.05
14-02-2016,29.64,29.08,31.98,28.7
21-02-2016,32.78,29.72,34.69,29.48
28-02-2016,35.92,32.72,36.34,32.32
06-03-2016,38.5,36.2,39.02,36.09
13-03-2016,39.44,38.17,41.2,35.96
20-03-2016,39.46,39.06,41.9,38.33
27-03-2016,36.79,39.55,40.14,36.63
03-04-2016,39.72,36.61,39.84,35.24
10-04-2016,40.36,39.72,42.42,39.25
17-04-2016,43.73,38.75,44.49,37.61
24-04-2016,45.92,43.75,46.78,42.5
01-05-2016,44.66,45.9,46.15,43.22
08-05-2016,46.21,45,47.02,43.03
15-05-2016,47.75,46.28,48.95,46.15
22-05-2016,49.33,48.46,50.21,47.4
29-05-2016,48.62,49.54,50.1,47.75
05-06-2016,49.07,48.88,51.67,48.71
12-06-2016,47.98,48.85,49.28,45.83
19-06-2016,47.64,48.29,50.54,46.7
26-06-2016,48.99,47.81,50,45.83
03-07-2016,45.41,49.11,49.35,44.77
10-07-2016,45.95,45.07,46.93,44.42
17-07-2016,44.19,46.12,46.14,43.69
24-07-2016,41.6,44.2,44.37,40.57
31-07-2016,41.8,41.35,42.1,39.19
07-08-2016,44.49,41.99,44.78,41.1
14-08-2016,48.52,44.74,48.75,44.38
21-08-2016,47.64,48.4,48.46,46.42
28-08-2016,44.44,47.22,47.49,43
04-09-2016,45.88,44.15,47.75,43.84
11-09-2016,43.03,45.57,46.51,42.74
18-09-2016,44.48,43.18,46.55,42.55
25-09-2016,48.24,44.62,48.32,44.19
02-10-2016,49.81,48.04,50.74,47.78
09-10-2016,50.35,49.57,51.6,49.15
16-10-2016,50.85,50.23,51.93,49.47
23-10-2016,48.7,50.85,50.98,48.42
30-10-2016,44.07,48.25,48.74,43.57
06-11-2016,43.41,44.45,45.95,43.03
13-11-2016,45.69,43.2,46.58,42.2
20-11-2016,46.06,45.83,49.2,45.77
27-11-2016,51.68,45.43,51.8,44.82
04-12-2016,51.5,51.46,52.42,49.61
11-12-2016,51.9,52.58,54.51,49.95
18-12-2016,53.02,52.15,53.79,51.51
25-12-2016,53.72,53.29,54.37,53.03
01-01-2017,53.99,54.2,55.24,52.11
08-01-2017,52.37,53.75,53.83,50.71
15-01-2017,52.42,52.55,53.52,50.91
22-01-2017,53.17,53.33,54.08,52.21
29-01-2017,53.83,53.15,54.34,52.24
05-02-2017,53.86,53.81,54.13,51.22
12-02-2017,53.4,53.8,53.95,52.68
19-02-2017,53.99,53.48,54.94,53.35
26-02-2017,53.33,54.02,54.61,52.54
05-03-2017,48.49,53.19,53.8,48.31
12-03-2017,48.78,48.45,49.62,47.09
19-03-2017,47.97,48.7,48.74,47.01
26-03-2017,50.6,48.12,50.85,47.08
02-04-2017,52.24,50.69,52.94,49.88
09-04-2017,53.18,52.31,53.76,52.29
16-04-2017,49.62,52.97,53.21,49.2
23-04-2017,49.33,49.68,50.22,48.2
30-04-2017,46.22,49.17,49.32,43.76
07-05-2017,47.84,46.35,48.22,45.53
14-05-2017,50.33,47.85,50.53,47.75
21-05-2017,49.8,50.6,52,48.18
28-05-2017,47.66,49.93,50.28,46.74
04-06-2017,45.83,47.71,48.42,45.2
11-06-2017,44.74,45.8,46.71,44.22
18-06-2017,43.01,44.68,45.06,42.05
25-06-2017,46.04,43.16,46.35,42.63
02-07-2017,44.23,46.28,47.32,43.78
09-07-2017,46.54,44.35,46.74,43.65
16-07-2017,45.77,46.68,47.55,45.54
23-07-2017,49.71,45.62,49.81,45.4
30-07-2017,49.58,49.85,50.43,48.37
06-08-2017,48.82,49.59,50.22,47.98
13-08-2017,48.51,48.79,49.16,46.46
20-08-2017,47.87,48.72,48.75,47.03
27-08-2017,47.29,47.89,48.2,45.58
03-09-2017,47.48,47.28,49.42,47.15
10-09-2017,49.89,47.58,50.5,47
17-09-2017,50.66,49.85,50.81,49.19
24-09-2017,51.67,50.68,52.86,50.39
01-10-2017,49.29,51.64,51.71,49.1
08-10-2017,51.45,49.25,51.72,49.13
15-10-2017,51.47,51.43,52.37,50.7
22-10-2017,53.9,52.07,54.2,51.55
29-10-2017,55.64,54.16,55.76,53.75
05-11-2017,56.74,55.97,57.92,55.66
12-11-2017,56.55,56.9,57.15,54.81
19-11-2017,58.95,56.69,59.05,55.57
26-11-2017,58.36,58.95,58.99,56.75
03-12-2017,57.36,58.32,58.34,55.82
10-12-2017,57.3,57.25,58.56,56.09
17-12-2017,58.47,57.37,58.5,56.82
24-12-2017,60.42,58.4,60.51,58.32
31-12-2017,61.44,60.2,62.21,60.1
07-01-2018,64.3,61.61,64.77,61.34
14-01-2018,63.37,64.43,64.89,62.85
21-01-2018,66.14,63.61,66.66,63.17
28-01-2018,65.45,66.18,66.46,63.67
04-02-2018,59.2,65.1,65.4,58.07
11-02-2018,61.68,59.12,61.99,58.2
18-02-2018,63.55,61.63,63.73,60.75
25-02-2018,61.25,63.6,64.24,60.13
04-03-2018,62.04,61.55,63.28,59.95
11-03-2018,62.34,62.1,62.54,60.11
18-03-2018,65.88,62.23,66,61.36
25-03-2018,64.94,65.9,66.55,63.72
01-04-2018,62.06,64.91,65.42,61.81
08-04-2018,67.39,62,67.76,61.93
15-04-2018,68.38,67.24,69.56,65.56
22-04-2018,68.1,68.22,69.38,67.11
29-04-2018,69.72,68.15,69.97,66.85
06-05-2018,70.7,69.85,71.89,67.63
13-05-2018,71.28,70.54,72.3,70.26
20-05-2018,67.88,71.47,72.83,67.42
27-05-2018,65.81,67.55,68.67,65.51
03-06-2018,65.74,65.71,66.24,64.22
10-06-2018,65.06,65.56,67.16,64.29
17-06-2018,68.58,64.4,69.38,63.59
24-06-2018,74.15,68.75,74.46,67.72
01-07-2018,73.8,73.62,75.27,72.14
08-07-2018,71.01,73.87,74.7,69.23
15-07-2018,70.46,70.52,71.1,67.03
22-07-2018,68.69,68.17,69.92,67.56
29-07-2018,68.49,69.01,70.43,66.92
05-08-2018,67.63,68.65,69.92,66.14
12-08-2018,65.91,67.78,68.37,64.43
19-08-2018,68.72,65.91,69.31,65.59
26-08-2018,69.8,68.57,70.5,68.21
02-09-2018,67.75,69.89,71.4,66.86
09-09-2018,68.99,67.82,71.26,67.33
16-09-2018,70.78,68.93,71.81,68.53
23-09-2018,73.25,71.14,73.73,71.14
30-09-2018,74.34,73.29,76.9,72.95
07-10-2018,71.34,74.4,75.28,70.51
14-10-2018,69.12,71.85,72.7,68.47
21-10-2018,67.59,69.41,69.66,65.74
28-10-2018,63.14,67.55,67.95,62.63
04-11-2018,60.19,62.99,64.14,59.26
11-11-2018,56.46,60.7,61.28,54.75
18-11-2018,50.42,56.72,57.44,50.15
25-11-2018,50.93,50.62,52.56,49.41
02-12-2018,52.61,52.45,54.55,50.08
09-12-2018,51.2,52.03,53.27,50.35
16-12-2018,45.59,51.25,51.87,45.13
23-12-2018,45.33,45.45,47,42.36
30-12-2018,47.96,45.22,49.22,44.35
06-01-2019,51.59,48.3,53.31,48.11
13-01-2019,53.8,51.73,53.92,50.38
20-01-2019,53.69,53.73,54.24,51.8
27-01-2019,55.26,53.56,55.66,51.33
03-02-2019,52.72,55.32,55.75,51.8
10-02-2019,55.59,52.66,55.87,51.23
17-02-2019,57.26,55.78,57.81,55.29
24-02-2019,55.8,57.17,57.88,55.02
03-03-2019,56.07,55.83,57.19,54.52
10-03-2019,58.52,56.07,58.95,55.96
17-03-2019,59.04,58.45,60.39,58.05
24-03-2019,60.14,58.98,60.73,58.17
31-03-2019,63.08,60.24,63.34,60.13
07-04-2019,63.89,63.33,64.79,63.13
14-04-2019,64,63.76,64.61,62.99
21-04-2019,63.3,64,66.6,62.28
28-04-2019,61.94,62.95,64.75,60.95
05-05-2019,61.66,61.43,62.95,60.04
12-05-2019,62.76,61.65,63.64,60.64
19-05-2019,58.63,62.93,63.81,57.33
26-05-2019,53.5,58.94,59.7,53.05
02-06-2019,53.99,53.42,54.63,50.6
09-06-2019,52.51,54.24,54.84,50.72
16-06-2019,57.43,52.5,57.98,51.5
23-06-2019,58.47,57.72,59.93,56.75
30-06-2019,57.51,59.27,60.28,56.04
07-07-2019,60.21,57.77,60.94,57.29
14-07-2019,55.63,60.25,60.92,54.72
21-07-2019,56.2,56.22,57.64,55.33
28-07-2019,55.66,56.2,58.82,53.59
04-08-2019,54.5,55.38,55.61,50.52
11-08-2019,54.87,54.32,57.47,53.54
18-08-2019,54.17,54.96,57.13,53.24
25-08-2019,55.1,53.25,56.89,52.96
01-09-2019,56.52,55,57.76,52.84
08-09-2019,54.85,56.8,58.76,54
15-09-2019,58.09,61.48,63.38,57.67
22-09-2019,55.91,59.25,59.39,54.75
29-09-2019,52.81,56.54,56.57,50.99
06-10-2019,54.7,52.69,54.93,51.38
13-10-2019,53.78,54.9,54.9,52.39
20-10-2019,56.66,53.71,56.74,52.71
27-10-2019,56.2,56.65,56.92,53.71
03-11-2019,57.24,56.41,57.88,55.76
10-11-2019,57.72,57.4,57.97,56.2
17-11-2019,57.77,57.88,58.74,54.76
24-11-2019,55.17,57.92,58.68,55.02
01-12-2019,59.2,55.47,59.85,55.35
08-12-2019,60.07,59.11,60.48,58.11
15-12-2019,60.44,59.87,61.47,59.71
22-12-2019,61.72,60.41,61.97,60.1
29-12-2019,63.05,61.71,64.09,60.63